record_id,formula_version,cpp_cgp_nm,cell_height_nm,break_extra_cpp,sram_bitcell_um2,logic_density_calculated_mtr_mm2,sram_ideal_mb_mm2,calculation_inputs,assumption_note,is_estimated,review_required,review_reason,created_at,updated_at
tsmc_n28_28hpm_hpc_generic_logic_001,bohr_stdcell_density_v0_4_nand2_3cpp_sff_19cpp_break_extra,117,,0,0.127,,7.874,"{""cpp_cgp_nm"": 117.0, ""cell_height_nm"": null, ""break_extra_cpp"": 0.0, ""sram_bitcell_um2"": 0.127}",Logic density not calculated because cpp_cgp_nm or cell_height_nm is missing. diffusion_break_model missing; break_extra_cpp defaults to 0 for formula unless explicit source exists. SRAM ideal density is bitcell-only 1/sram_bitcell_um2; no macro overhead applied.,False,True,missing_cpp_ch_and_reported_density,2026-05-21,2026-05-21
tsmc_n16_12_16ff_16ffc_12ffc_generic_hd_002,bohr_stdcell_density_v0_4_nand2_3cpp_sff_19cpp_break_extra,90,,0,0.074,,13.5135,"{""cpp_cgp_nm"": 90.0, ""cell_height_nm"": null, ""break_extra_cpp"": 0.0, ""sram_bitcell_um2"": 0.074}",Logic density not calculated because cpp_cgp_nm or cell_height_nm is missing. diffusion_break_model missing; break_extra_cpp defaults to 0 for formula unless explicit source exists. SRAM ideal density is bitcell-only 1/sram_bitcell_um2; no macro overhead applied.,False,False,,2026-05-21,2026-05-21
tsmc_n7_n7_hd_6t_2_fin_h240g57_003,bohr_stdcell_density_v0_4_nand2_3cpp_sff_19cpp_break_extra,57,240,1,0.027,90.6433,37.037,"{""cpp_cgp_nm"": 57.0, ""cell_height_nm"": 240.0, ""break_extra_cpp"": 1.0, ""sram_bitcell_um2"": 0.027}",Logic density = 0.6*NAND2 + 0.4*SFF; NAND2 has 4 transistors and width (3+break_extra_cpp)*CPP; SFF has 32 transistors and width (19+break_extra_cpp)*CPP. SRAM ideal density is bitcell-only 1/sram_bitcell_um2; no macro overhead applied.,False,False,,2026-05-21,2026-05-21
tsmc_n7_n7_hp_3_fin_h300g64_004,bohr_stdcell_density_v0_4_nand2_3cpp_sff_19cpp_break_extra,64,300,1,0.027,64.5833,37.037,"{""cpp_cgp_nm"": 64.0, ""cell_height_nm"": 300.0, ""break_extra_cpp"": 1.0, ""sram_bitcell_um2"": 0.027}",Logic density = 0.6*NAND2 + 0.4*SFF; NAND2 has 4 transistors and width (3+break_extra_cpp)*CPP; SFF has 32 transistors and width (19+break_extra_cpp)*CPP. SRAM ideal density is bitcell-only 1/sram_bitcell_um2; no macro overhead applied.,False,False,,2026-05-21,2026-05-21
tsmc_n7p_n7p_hd_assumed_n7_compatible_hd_geometry_005,bohr_stdcell_density_v0_4_nand2_3cpp_sff_19cpp_break_extra,57,240,1,0.027,90.6433,37.037,"{""cpp_cgp_nm"": 57.0, ""cell_height_nm"": 240.0, ""break_extra_cpp"": 1.0, ""sram_bitcell_um2"": 0.027}",Logic density = 0.6*NAND2 + 0.4*SFF; NAND2 has 4 transistors and width (3+break_extra_cpp)*CPP; SFF has 32 transistors and width (19+break_extra_cpp)*CPP. SRAM ideal density is bitcell-only 1/sram_bitcell_um2; no macro overhead applied.,True,False,,2026-05-21,2026-05-21
tsmc_n7_n7_euv_hd_like_public_relative_only_006,bohr_stdcell_density_v0_4_nand2_3cpp_sff_19cpp_break_extra,,,0,,,,"{""cpp_cgp_nm"": null, ""cell_height_nm"": null, ""break_extra_cpp"": 0.0, ""sram_bitcell_um2"": null}",Logic density not calculated because cpp_cgp_nm or cell_height_nm is missing. diffusion_break_model missing; break_extra_cpp defaults to 0 for formula unless explicit source exists.,False,True,missing_cpp_ch_and_reported_density,2026-05-21,2026-05-21
tsmc_n6_n6_hd_n7_compatible_smaller_standard_cell_library_cpode_style_007,bohr_stdcell_density_v0_4_nand2_3cpp_sff_19cpp_break_extra,57,240,0,,107.7255,,"{""cpp_cgp_nm"": 57.0, ""cell_height_nm"": 240.0, ""break_extra_cpp"": 0.0, ""sram_bitcell_um2"": null}",Logic density = 0.6*NAND2 + 0.4*SFF; NAND2 has 4 transistors and width (3+break_extra_cpp)*CPP; SFF has 32 transistors and width (19+break_extra_cpp)*CPP.,True,False,,2026-05-21,2026-05-21
tsmc_n5_n5_hd_6t_h210g51_008,bohr_stdcell_density_v0_4_nand2_3cpp_sff_19cpp_break_extra,51,210,0,0.021,137.5989,47.619,"{""cpp_cgp_nm"": 51.0, ""cell_height_nm"": 210.0, ""break_extra_cpp"": 0.0, ""sram_bitcell_um2"": 0.021}",Logic density = 0.6*NAND2 + 0.4*SFF; NAND2 has 4 transistors and width (3+break_extra_cpp)*CPP; SFF has 32 transistors and width (19+break_extra_cpp)*CPP. SRAM ideal density is bitcell-only 1/sram_bitcell_um2; no macro overhead applied.,False,False,,2026-05-21,2026-05-21
tsmc_n5_n5_hp_h280g57_3_fin_class_009,bohr_stdcell_density_v0_4_nand2_3cpp_sff_19cpp_break_extra,57,280,0,0.025,92.3361,40,"{""cpp_cgp_nm"": 57.0, ""cell_height_nm"": 280.0, ""break_extra_cpp"": 0.0, ""sram_bitcell_um2"": 0.025}",Logic density = 0.6*NAND2 + 0.4*SFF; NAND2 has 4 transistors and width (3+break_extra_cpp)*CPP; SFF has 32 transistors and width (19+break_extra_cpp)*CPP. SRAM ideal density is bitcell-only 1/sram_bitcell_um2; no macro overhead applied.,False,False,,2026-05-21,2026-05-21
tsmc_n5p_n5p_hd_n5_compatible_process_optimization_010,bohr_stdcell_density_v0_4_nand2_3cpp_sff_19cpp_break_extra,51,210,0,0.021,137.5989,47.619,"{""cpp_cgp_nm"": 51.0, ""cell_height_nm"": 210.0, ""break_extra_cpp"": 0.0, ""sram_bitcell_um2"": 0.021}",Logic density = 0.6*NAND2 + 0.4*SFF; NAND2 has 4 transistors and width (3+break_extra_cpp)*CPP; SFF has 32 transistors and width (19+break_extra_cpp)*CPP. SRAM ideal density is bitcell-only 1/sram_bitcell_um2; no macro overhead applied.,True,False,,2026-05-21,2026-05-21
tsmc_n4_n4_hd_h206g49_011,bohr_stdcell_density_v0_4_nand2_3cpp_sff_19cpp_break_extra,49,206,0,0.021,145.9961,47.619,"{""cpp_cgp_nm"": 49.0, ""cell_height_nm"": 206.0, ""break_extra_cpp"": 0.0, ""sram_bitcell_um2"": 0.021}",Logic density = 0.6*NAND2 + 0.4*SFF; NAND2 has 4 transistors and width (3+break_extra_cpp)*CPP; SFF has 32 transistors and width (19+break_extra_cpp)*CPP. SRAM ideal density is bitcell-only 1/sram_bitcell_um2; no macro overhead applied.,False,False,,2026-05-21,2026-05-21
tsmc_n4_n4_hp_h274g55_012,bohr_stdcell_density_v0_4_nand2_3cpp_sff_19cpp_break_extra,55,274,0,0.025,97.7893,40,"{""cpp_cgp_nm"": 55.0, ""cell_height_nm"": 274.0, ""break_extra_cpp"": 0.0, ""sram_bitcell_um2"": 0.025}",Logic density = 0.6*NAND2 + 0.4*SFF; NAND2 has 4 transistors and width (3+break_extra_cpp)*CPP; SFF has 32 transistors and width (19+break_extra_cpp)*CPP. SRAM ideal density is bitcell-only 1/sram_bitcell_um2; no macro overhead applied.,False,False,,2026-05-21,2026-05-21
tsmc_n4p_n4p_hd_assumed_n4_compatible_hd_geometry_013,bohr_stdcell_density_v0_4_nand2_3cpp_sff_19cpp_break_extra,49,206,0,0.021,145.9961,47.619,"{""cpp_cgp_nm"": 49.0, ""cell_height_nm"": 206.0, ""break_extra_cpp"": 0.0, ""sram_bitcell_um2"": 0.021}",Logic density = 0.6*NAND2 + 0.4*SFF; NAND2 has 4 transistors and width (3+break_extra_cpp)*CPP; SFF has 32 transistors and width (19+break_extra_cpp)*CPP. SRAM ideal density is bitcell-only 1/sram_bitcell_um2; no macro overhead applied.,True,False,,2026-05-21,2026-05-21
tsmc_n4x_n4x_hpc_hpc_beol_stack_optimized_library_not_public_014,bohr_stdcell_density_v0_4_nand2_3cpp_sff_19cpp_break_extra,,,0,,,,"{""cpp_cgp_nm"": null, ""cell_height_nm"": null, ""break_extra_cpp"": 0.0, ""sram_bitcell_um2"": null}",Logic density not calculated because cpp_cgp_nm or cell_height_nm is missing. diffusion_break_model missing; break_extra_cpp defaults to 0 for formula unless explicit source exists.,False,True,missing_cpp_ch_and_reported_density,2026-05-21,2026-05-21
tsmc_n4c_n4c_cost_optimized_cost_optimized_public_library_not_found_015,bohr_stdcell_density_v0_4_nand2_3cpp_sff_19cpp_break_extra,,,0,,,,"{""cpp_cgp_nm"": null, ""cell_height_nm"": null, ""break_extra_cpp"": 0.0, ""sram_bitcell_um2"": null}",Logic density not calculated because cpp_cgp_nm or cell_height_nm is missing. diffusion_break_model missing; break_extra_cpp defaults to 0 for formula unless explicit source exists.,False,True,missing_cpp_ch_and_reported_density,2026-05-21,2026-05-21
tsmc_n3b_n3b_hd_initial_n3_hd_finfet_016,bohr_stdcell_density_v0_4_nand2_3cpp_sff_19cpp_break_extra,45,,0,0.0199,,50.2513,"{""cpp_cgp_nm"": 45.0, ""cell_height_nm"": null, ""break_extra_cpp"": 0.0, ""sram_bitcell_um2"": 0.0199}",Logic density not calculated because cpp_cgp_nm or cell_height_nm is missing. diffusion_break_model missing; break_extra_cpp defaults to 0 for formula unless explicit source exists. SRAM ideal density is bitcell-only 1/sram_bitcell_um2; no macro overhead applied.,False,True,missing_cpp_ch_and_reported_density,2026-05-21,2026-05-21
tsmc_n3e_n3e_2_1_finflex_5_5t_ulp_uhd_48nm_poly_017,bohr_stdcell_density_v0_4_nand2_3cpp_sff_19cpp_break_extra,48,143,0,0.021,214.6976,47.619,"{""cpp_cgp_nm"": 48.0, ""cell_height_nm"": 143.0, ""break_extra_cpp"": 0.0, ""sram_bitcell_um2"": 0.021}",Logic density = 0.6*NAND2 + 0.4*SFF; NAND2 has 4 transistors and width (3+break_extra_cpp)*CPP; SFF has 32 transistors and width (19+break_extra_cpp)*CPP. SRAM ideal density is bitcell-only 1/sram_bitcell_um2; no macro overhead applied.,False,False,,2026-05-21,2026-05-21
tsmc_n3e_n3e_2_2_finflex_6_5t_hp_uhd_48nm_poly_option_018,bohr_stdcell_density_v0_4_nand2_3cpp_sff_19cpp_break_extra,48,169,0,0.021,181.6672,47.619,"{""cpp_cgp_nm"": 48.0, ""cell_height_nm"": 169.0, ""break_extra_cpp"": 0.0, ""sram_bitcell_um2"": 0.021}",Logic density = 0.6*NAND2 + 0.4*SFF; NAND2 has 4 transistors and width (3+break_extra_cpp)*CPP; SFF has 32 transistors and width (19+break_extra_cpp)*CPP. SRAM ideal density is bitcell-only 1/sram_bitcell_um2; no macro overhead applied.,True,False,,2026-05-21,2026-05-21
tsmc_n3e_n3e_3_2_finflex_7_5t_uhp_hd_54nm_poly_019,bohr_stdcell_density_v0_4_nand2_3cpp_sff_19cpp_break_extra,54,221,0,0.021,123.4862,47.619,"{""cpp_cgp_nm"": 54.0, ""cell_height_nm"": 221.0, ""break_extra_cpp"": 0.0, ""sram_bitcell_um2"": 0.021}",Logic density = 0.6*NAND2 + 0.4*SFF; NAND2 has 4 transistors and width (3+break_extra_cpp)*CPP; SFF has 32 transistors and width (19+break_extra_cpp)*CPP. SRAM ideal density is bitcell-only 1/sram_bitcell_um2; no macro overhead applied.,True,False,,2026-05-21,2026-05-21
tsmc_n3p_n3p_finfet_ppa_optimized_library_not_public_020,bohr_stdcell_density_v0_4_nand2_3cpp_sff_19cpp_break_extra,,,0,0.021,,47.619,"{""cpp_cgp_nm"": null, ""cell_height_nm"": null, ""break_extra_cpp"": 0.0, ""sram_bitcell_um2"": 0.021}",Logic density not calculated because cpp_cgp_nm or cell_height_nm is missing. diffusion_break_model missing; break_extra_cpp defaults to 0 for formula unless explicit source exists. SRAM ideal density is bitcell-only 1/sram_bitcell_um2; no macro overhead applied.,False,True,missing_cpp_ch_and_reported_density,2026-05-21,2026-05-21
tsmc_n3x_n3x_hpc_x_public_library_not_found_021,bohr_stdcell_density_v0_4_nand2_3cpp_sff_19cpp_break_extra,,,0,,,,"{""cpp_cgp_nm"": null, ""cell_height_nm"": null, ""break_extra_cpp"": 0.0, ""sram_bitcell_um2"": null}",Logic density not calculated because cpp_cgp_nm or cell_height_nm is missing. diffusion_break_model missing; break_extra_cpp defaults to 0 for formula unless explicit source exists.,False,True,missing_cpp_ch_and_reported_density,2026-05-21,2026-05-21
tsmc_n2_n2_1st_gen_nanosheet_standard_cell_geometry_not_public_022,bohr_stdcell_density_v0_4_nand2_3cpp_sff_19cpp_break_extra,,,0,0.021,,47.619,"{""cpp_cgp_nm"": null, ""cell_height_nm"": null, ""break_extra_cpp"": 0.0, ""sram_bitcell_um2"": 0.021}",Logic density not calculated because cpp_cgp_nm or cell_height_nm is missing. diffusion_break_model missing; break_extra_cpp defaults to 0 for formula unless explicit source exists. SRAM ideal density is bitcell-only 1/sram_bitcell_um2; no macro overhead applied.,False,True,missing_cpp_ch_and_reported_density,2026-05-21,2026-05-21
tsmc_n2p_n2p_nanosheet_extension_standard_cell_geometry_not_public_023,bohr_stdcell_density_v0_4_nand2_3cpp_sff_19cpp_break_extra,,,0,,,,"{""cpp_cgp_nm"": null, ""cell_height_nm"": null, ""break_extra_cpp"": 0.0, ""sram_bitcell_um2"": null}",Logic density not calculated because cpp_cgp_nm or cell_height_nm is missing. diffusion_break_model missing; break_extra_cpp defaults to 0 for formula unless explicit source exists.,False,True,missing_cpp_ch_and_reported_density,2026-05-21,2026-05-21
tsmc_a16_a16_nanosheet_super_power_rail_geometry_not_public_024,bohr_stdcell_density_v0_4_nand2_3cpp_sff_19cpp_break_extra,,,0,,,,"{""cpp_cgp_nm"": null, ""cell_height_nm"": null, ""break_extra_cpp"": 0.0, ""sram_bitcell_um2"": null}",Logic density not calculated because cpp_cgp_nm or cell_height_nm is missing. diffusion_break_model missing; break_extra_cpp defaults to 0 for formula unless explicit source exists.,False,True,missing_cpp_ch_and_reported_density,2026-05-21,2026-05-21
intel_foundry_intel_14nm_14nm_14nm_7_67t_dense_logic_025,bohr_stdcell_density_v0_4_nand2_3cpp_sff_19cpp_break_extra,70,399,1,0.0588,44.3967,17.0068,"{""cpp_cgp_nm"": 70.0, ""cell_height_nm"": 399.0, ""break_extra_cpp"": 1.0, ""sram_bitcell_um2"": 0.0588}",Logic density = 0.6*NAND2 + 0.4*SFF; NAND2 has 4 transistors and width (3+break_extra_cpp)*CPP; SFF has 32 transistors and width (19+break_extra_cpp)*CPP. SRAM ideal density is bitcell-only 1/sram_bitcell_um2; no macro overhead applied.,True,False,,2026-05-21,2026-05-21
intel_foundry_intel_10nm_intel_10nm_hd_h272g54_class_026,bohr_stdcell_density_v0_4_nand2_3cpp_sff_19cpp_break_extra,54,272,0,0.0312,100.3325,32.0513,"{""cpp_cgp_nm"": 54.0, ""cell_height_nm"": 272.0, ""break_extra_cpp"": 0.0, ""sram_bitcell_um2"": 0.0312}",Logic density = 0.6*NAND2 + 0.4*SFF; NAND2 has 4 transistors and width (3+break_extra_cpp)*CPP; SFF has 32 transistors and width (19+break_extra_cpp)*CPP. SRAM ideal density is bitcell-only 1/sram_bitcell_um2; no macro overhead applied.,False,False,,2026-05-21,2026-05-21
intel_foundry_intel_7_intel_7_hp_observed_h408g60_027,bohr_stdcell_density_v0_4_nand2_3cpp_sff_19cpp_break_extra,60,408,0,,60.1995,,"{""cpp_cgp_nm"": 60.0, ""cell_height_nm"": 408.0, ""break_extra_cpp"": 0.0, ""sram_bitcell_um2"": null}",Logic density = 0.6*NAND2 + 0.4*SFF; NAND2 has 4 transistors and width (3+break_extra_cpp)*CPP; SFF has 32 transistors and width (19+break_extra_cpp)*CPP.,False,False,,2026-05-21,2026-05-21
intel_foundry_intel_7_intel_7_dense_library_available_h272g54_dense_cell_not_necessarily_u_028,bohr_stdcell_density_v0_4_nand2_3cpp_sff_19cpp_break_extra,54,272,0,,100.3325,,"{""cpp_cgp_nm"": 54.0, ""cell_height_nm"": 272.0, ""break_extra_cpp"": 0.0, ""sram_bitcell_um2"": null}",Logic density = 0.6*NAND2 + 0.4*SFF; NAND2 has 4 transistors and width (3+break_extra_cpp)*CPP; SFF has 32 transistors and width (19+break_extra_cpp)*CPP.,True,False,,2026-05-21,2026-05-21
intel_foundry_intel_4_intel_4_hp_h240g50_029,bohr_stdcell_density_v0_4_nand2_3cpp_sff_19cpp_break_extra,50,240,0,0.024,122.807,41.6667,"{""cpp_cgp_nm"": 50.0, ""cell_height_nm"": 240.0, ""break_extra_cpp"": 0.0, ""sram_bitcell_um2"": 0.024}",Logic density = 0.6*NAND2 + 0.4*SFF; NAND2 has 4 transistors and width (3+break_extra_cpp)*CPP; SFF has 32 transistors and width (19+break_extra_cpp)*CPP. SRAM ideal density is bitcell-only 1/sram_bitcell_um2; no macro overhead applied.,False,False,,2026-05-21,2026-05-21
intel_foundry_intel_3_intel_3_hp_h240g50_030,bohr_stdcell_density_v0_4_nand2_3cpp_sff_19cpp_break_extra,50,240,0,0.024,122.807,41.6667,"{""cpp_cgp_nm"": 50.0, ""cell_height_nm"": 240.0, ""break_extra_cpp"": 0.0, ""sram_bitcell_um2"": 0.024}",Logic density = 0.6*NAND2 + 0.4*SFF; NAND2 has 4 transistors and width (3+break_extra_cpp)*CPP; SFF has 32 transistors and width (19+break_extra_cpp)*CPP. SRAM ideal density is bitcell-only 1/sram_bitcell_um2; no macro overhead applied.,False,False,,2026-05-21,2026-05-21
intel_foundry_intel_3_intel_3_hd_h210g50_031,bohr_stdcell_density_v0_4_nand2_3cpp_sff_19cpp_break_extra,50,210,0,0.024,140.3509,41.6667,"{""cpp_cgp_nm"": 50.0, ""cell_height_nm"": 210.0, ""break_extra_cpp"": 0.0, ""sram_bitcell_um2"": 0.024}",Logic density = 0.6*NAND2 + 0.4*SFF; NAND2 has 4 transistors and width (3+break_extra_cpp)*CPP; SFF has 32 transistors and width (19+break_extra_cpp)*CPP. SRAM ideal density is bitcell-only 1/sram_bitcell_um2; no macro overhead applied.,False,False,,2026-05-21,2026-05-21
intel_foundry_intel_18a_18a_hp_180ch_hp_library_032,bohr_stdcell_density_v0_4_nand2_3cpp_sff_19cpp_break_extra,50,180,0,0.023,163.7427,43.4783,"{""cpp_cgp_nm"": 50.0, ""cell_height_nm"": 180.0, ""break_extra_cpp"": 0.0, ""sram_bitcell_um2"": 0.023}",Logic density = 0.6*NAND2 + 0.4*SFF; NAND2 has 4 transistors and width (3+break_extra_cpp)*CPP; SFF has 32 transistors and width (19+break_extra_cpp)*CPP. SRAM ideal density is bitcell-only 1/sram_bitcell_um2; no macro overhead applied.,False,False,,2026-05-21,2026-05-21
intel_foundry_intel_18a_18a_hd_160ch_hd_library_033,bohr_stdcell_density_v0_4_nand2_3cpp_sff_19cpp_break_extra,50,160,0,0.021,184.2105,47.619,"{""cpp_cgp_nm"": 50.0, ""cell_height_nm"": 160.0, ""break_extra_cpp"": 0.0, ""sram_bitcell_um2"": 0.021}",Logic density = 0.6*NAND2 + 0.4*SFF; NAND2 has 4 transistors and width (3+break_extra_cpp)*CPP; SFF has 32 transistors and width (19+break_extra_cpp)*CPP. SRAM ideal density is bitcell-only 1/sram_bitcell_um2; no macro overhead applied.,False,False,,2026-05-21,2026-05-21
intel_foundry_intel_18a_p_18a_p_performance_extension_geometry_not_public_034,bohr_stdcell_density_v0_4_nand2_3cpp_sff_19cpp_break_extra,,,0,,,,"{""cpp_cgp_nm"": null, ""cell_height_nm"": null, ""break_extra_cpp"": 0.0, ""sram_bitcell_um2"": null}",Logic density not calculated because cpp_cgp_nm or cell_height_nm is missing. diffusion_break_model missing; break_extra_cpp defaults to 0 for formula unless explicit source exists.,False,True,missing_cpp_ch_and_reported_density,2026-05-21,2026-05-21
intel_foundry_intel_14a_14a_14a_e_next_gen_ribbonfet_powervia_geometry_not_public_035,bohr_stdcell_density_v0_4_nand2_3cpp_sff_19cpp_break_extra,,,0,,,,"{""cpp_cgp_nm"": null, ""cell_height_nm"": null, ""break_extra_cpp"": 0.0, ""sram_bitcell_um2"": null}",Logic density not calculated because cpp_cgp_nm or cell_height_nm is missing. diffusion_break_model missing; break_extra_cpp defaults to 0 for formula unless explicit source exists.,False,True,missing_cpp_ch_and_reported_density,2026-05-21,2026-05-21
samsung_foundry_14lpe_14lpp_14lpp_generic_logic_036,bohr_stdcell_density_v0_4_nand2_3cpp_sff_19cpp_break_extra,,,0,,,,"{""cpp_cgp_nm"": null, ""cell_height_nm"": null, ""break_extra_cpp"": 0.0, ""sram_bitcell_um2"": null}",Logic density not calculated because cpp_cgp_nm or cell_height_nm is missing. diffusion_break_model missing; break_extra_cpp defaults to 0 for formula unless explicit source exists.,False,True,missing_cpp_ch_and_reported_density,2026-05-21,2026-05-21
samsung_foundry_7lpp_7lpp_public_table_6_75t_h243g54_037,bohr_stdcell_density_v0_4_nand2_3cpp_sff_19cpp_break_extra,54,243,0,0.0262,112.3064,38.1679,"{""cpp_cgp_nm"": 54.0, ""cell_height_nm"": 243.0, ""break_extra_cpp"": 0.0, ""sram_bitcell_um2"": 0.0262}",Logic density = 0.6*NAND2 + 0.4*SFF; NAND2 has 4 transistors and width (3+break_extra_cpp)*CPP; SFF has 32 transistors and width (19+break_extra_cpp)*CPP. SRAM ideal density is bitcell-only 1/sram_bitcell_um2; no macro overhead applied.,False,False,,2026-05-21,2026-05-21
samsung_foundry_7lpp_7lpp_exynos_990_observed_3_3_fin_h270g54_038,bohr_stdcell_density_v0_4_nand2_3cpp_sff_19cpp_break_extra,54,270,0,0.0262,101.0757,38.1679,"{""cpp_cgp_nm"": 54.0, ""cell_height_nm"": 270.0, ""break_extra_cpp"": 0.0, ""sram_bitcell_um2"": 0.0262}",Logic density = 0.6*NAND2 + 0.4*SFF; NAND2 has 4 transistors and width (3+break_extra_cpp)*CPP; SFF has 32 transistors and width (19+break_extra_cpp)*CPP. SRAM ideal density is bitcell-only 1/sram_bitcell_um2; no macro overhead applied.,False,False,,2026-05-21,2026-05-21
samsung_foundry_7lpp_7lpp_snapdragon_765g_observed_2_2_fin_h243g54_039,bohr_stdcell_density_v0_4_nand2_3cpp_sff_19cpp_break_extra,54,243,0,0.0262,112.3064,38.1679,"{""cpp_cgp_nm"": 54.0, ""cell_height_nm"": 243.0, ""break_extra_cpp"": 0.0, ""sram_bitcell_um2"": 0.0262}",Logic density = 0.6*NAND2 + 0.4*SFF; NAND2 has 4 transistors and width (3+break_extra_cpp)*CPP; SFF has 32 transistors and width (19+break_extra_cpp)*CPP. SRAM ideal density is bitcell-only 1/sram_bitcell_um2; no macro overhead applied.,False,False,,2026-05-21,2026-05-21
samsung_foundry_6lpp_6lpp_public_table_6_75t_h243g54_040,bohr_stdcell_density_v0_4_nand2_3cpp_sff_19cpp_break_extra,54,243,0,,112.3064,,"{""cpp_cgp_nm"": 54.0, ""cell_height_nm"": 243.0, ""break_extra_cpp"": 0.0, ""sram_bitcell_um2"": null}",Logic density = 0.6*NAND2 + 0.4*SFF; NAND2 has 4 transistors and width (3+break_extra_cpp)*CPP; SFF has 32 transistors and width (19+break_extra_cpp)*CPP.,False,False,,2026-05-21,2026-05-21
samsung_foundry_5lpe_5lpe_public_table_6t_h216g54_041,bohr_stdcell_density_v0_4_nand2_3cpp_sff_19cpp_break_extra,54,216,0,0.0262,126.3447,38.1679,"{""cpp_cgp_nm"": 54.0, ""cell_height_nm"": 216.0, ""break_extra_cpp"": 0.0, ""sram_bitcell_um2"": 0.0262}",Logic density = 0.6*NAND2 + 0.4*SFF; NAND2 has 4 transistors and width (3+break_extra_cpp)*CPP; SFF has 32 transistors and width (19+break_extra_cpp)*CPP. SRAM ideal density is bitcell-only 1/sram_bitcell_um2; no macro overhead applied.,False,False,,2026-05-21,2026-05-21
samsung_foundry_5lpp_5lpp_sf5_public_library_not_isolated_042,bohr_stdcell_density_v0_4_nand2_3cpp_sff_19cpp_break_extra,,,0,0.0262,,38.1679,"{""cpp_cgp_nm"": null, ""cell_height_nm"": null, ""break_extra_cpp"": 0.0, ""sram_bitcell_um2"": 0.0262}",Logic density not calculated because cpp_cgp_nm or cell_height_nm is missing. diffusion_break_model missing; break_extra_cpp defaults to 0 for formula unless explicit source exists. SRAM ideal density is bitcell-only 1/sram_bitcell_um2; no macro overhead applied.,False,True,missing_cpp_ch_and_reported_density,2026-05-21,2026-05-21
samsung_foundry_4lpe_sf4e_4lpe_public_table_6_25t_h200g54_043,bohr_stdcell_density_v0_4_nand2_3cpp_sff_19cpp_break_extra,54,200,0,0.0262,136.4522,38.1679,"{""cpp_cgp_nm"": 54.0, ""cell_height_nm"": 200.0, ""break_extra_cpp"": 0.0, ""sram_bitcell_um2"": 0.0262}",Logic density = 0.6*NAND2 + 0.4*SFF; NAND2 has 4 transistors and width (3+break_extra_cpp)*CPP; SFF has 32 transistors and width (19+break_extra_cpp)*CPP. SRAM ideal density is bitcell-only 1/sram_bitcell_um2; no macro overhead applied.,False,False,,2026-05-21,2026-05-21
samsung_foundry_sf4_sf4_hdc_media_estimate_hdc_library_bitcell_estimate_044,bohr_stdcell_density_v0_4_nand2_3cpp_sff_19cpp_break_extra,54,200,0,0.023,136.4522,43.4783,"{""cpp_cgp_nm"": 54.0, ""cell_height_nm"": 200.0, ""break_extra_cpp"": 0.0, ""sram_bitcell_um2"": 0.023}",Logic density = 0.6*NAND2 + 0.4*SFF; NAND2 has 4 transistors and width (3+break_extra_cpp)*CPP; SFF has 32 transistors and width (19+break_extra_cpp)*CPP. SRAM ideal density is bitcell-only 1/sram_bitcell_um2; no macro overhead applied.,True,False,,2026-05-21,2026-05-21
samsung_foundry_sf4p_sf4p_public_geometry_not_isolated_045,bohr_stdcell_density_v0_4_nand2_3cpp_sff_19cpp_break_extra,,,0,,,,"{""cpp_cgp_nm"": null, ""cell_height_nm"": null, ""break_extra_cpp"": 0.0, ""sram_bitcell_um2"": null}",Logic density not calculated because cpp_cgp_nm or cell_height_nm is missing. diffusion_break_model missing; break_extra_cpp defaults to 0 for formula unless explicit source exists.,False,True,missing_cpp_ch_and_reported_density,2026-05-21,2026-05-21
samsung_foundry_sf4x_sf4x_hpc_beol_optimized_geometry_not_public_046,bohr_stdcell_density_v0_4_nand2_3cpp_sff_19cpp_break_extra,,,0,,,,"{""cpp_cgp_nm"": null, ""cell_height_nm"": null, ""break_extra_cpp"": 0.0, ""sram_bitcell_um2"": null}",Logic density not calculated because cpp_cgp_nm or cell_height_nm is missing. diffusion_break_model missing; break_extra_cpp defaults to 0 for formula unless explicit source exists.,False,True,missing_cpp_ch_and_reported_density,2026-05-21,2026-05-21
samsung_foundry_3gae_3gae_1st_gen_mbcfet_public_relative_only_047,bohr_stdcell_density_v0_4_nand2_3cpp_sff_19cpp_break_extra,,,0,,,,"{""cpp_cgp_nm"": null, ""cell_height_nm"": null, ""break_extra_cpp"": 0.0, ""sram_bitcell_um2"": null}",Logic density not calculated because cpp_cgp_nm or cell_height_nm is missing. diffusion_break_model missing; break_extra_cpp defaults to 0 for formula unless explicit source exists.,False,True,missing_cpp_ch_and_reported_density,2026-05-21,2026-05-21
samsung_foundry_sf3_3gap_sf3_2nd_gen_mbcfet_public_geometry_not_disclosed_048,bohr_stdcell_density_v0_4_nand2_3cpp_sff_19cpp_break_extra,,,0,0.02,,50,"{""cpp_cgp_nm"": null, ""cell_height_nm"": null, ""break_extra_cpp"": 0.0, ""sram_bitcell_um2"": 0.02}",Logic density not calculated because cpp_cgp_nm or cell_height_nm is missing. diffusion_break_model missing; break_extra_cpp defaults to 0 for formula unless explicit source exists. SRAM ideal density is bitcell-only 1/sram_bitcell_um2; no macro overhead applied.,False,True,missing_cpp_ch_and_reported_density,2026-05-21,2026-05-21
samsung_foundry_sf2_sf2_hd_xhd_xhd_lower_area_library_enabled_049,bohr_stdcell_density_v0_4_nand2_3cpp_sff_19cpp_break_extra,,,0,,,,"{""cpp_cgp_nm"": null, ""cell_height_nm"": null, ""break_extra_cpp"": 0.0, ""sram_bitcell_um2"": null}",Logic density not calculated because cpp_cgp_nm or cell_height_nm is missing. diffusion_break_model missing; break_extra_cpp defaults to 0 for formula unless explicit source exists.,False,True,missing_cpp_ch_and_reported_density,2026-05-21,2026-05-21
samsung_foundry_sf2p_sf2p_hpc_extension_geometry_not_public_050,bohr_stdcell_density_v0_4_nand2_3cpp_sff_19cpp_break_extra,,,0,,,,"{""cpp_cgp_nm"": null, ""cell_height_nm"": null, ""break_extra_cpp"": 0.0, ""sram_bitcell_um2"": null}",Logic density not calculated because cpp_cgp_nm or cell_height_nm is missing. diffusion_break_model missing; break_extra_cpp defaults to 0 for formula unless explicit source exists.,False,True,missing_cpp_ch_and_reported_density,2026-05-21,2026-05-21
globalfoundries_14lpp_14lpp_std_cell_9t_051,bohr_stdcell_density_v0_4_nand2_3cpp_sff_19cpp_break_extra,78,576,1,0.09,27.5997,11.1111,"{""cpp_cgp_nm"": 78.0, ""cell_height_nm"": 576.0, ""break_extra_cpp"": 1.0, ""sram_bitcell_um2"": 0.09}",Logic density = 0.6*NAND2 + 0.4*SFF; NAND2 has 4 transistors and width (3+break_extra_cpp)*CPP; SFF has 32 transistors and width (19+break_extra_cpp)*CPP. SRAM ideal density is bitcell-only 1/sram_bitcell_um2; no macro overhead applied.,True,False,,2026-05-21,2026-05-21
globalfoundries_14lpp_14lpp_std_cell_10_5t_052,bohr_stdcell_density_v0_4_nand2_3cpp_sff_19cpp_break_extra,78,672,1,0.09,23.6569,11.1111,"{""cpp_cgp_nm"": 78.0, ""cell_height_nm"": 672.0, ""break_extra_cpp"": 1.0, ""sram_bitcell_um2"": 0.09}",Logic density = 0.6*NAND2 + 0.4*SFF; NAND2 has 4 transistors and width (3+break_extra_cpp)*CPP; SFF has 32 transistors and width (19+break_extra_cpp)*CPP. SRAM ideal density is bitcell-only 1/sram_bitcell_um2; no macro overhead applied.,True,True,low_geometry_confidence_used_for_calc,2026-05-21,2026-05-21
globalfoundries_12lp_12lp_std_cell_7_5t_053,bohr_stdcell_density_v0_4_nand2_3cpp_sff_19cpp_break_extra,84,480,1,,30.754,,"{""cpp_cgp_nm"": 84.0, ""cell_height_nm"": 480.0, ""break_extra_cpp"": 1.0, ""sram_bitcell_um2"": null}",Logic density = 0.6*NAND2 + 0.4*SFF; NAND2 has 4 transistors and width (3+break_extra_cpp)*CPP; SFF has 32 transistors and width (19+break_extra_cpp)*CPP.,True,False,,2026-05-21,2026-05-21
globalfoundries_12lp_12lp_autopro150_logic_cpp_84_ch_not_public_054,bohr_stdcell_density_v0_4_nand2_3cpp_sff_19cpp_break_extra,84,,0,,,,"{""cpp_cgp_nm"": 84.0, ""cell_height_nm"": null, ""break_extra_cpp"": 0.0, ""sram_bitcell_um2"": null}",Logic density not calculated because cpp_cgp_nm or cell_height_nm is missing. diffusion_break_model missing; break_extra_cpp defaults to 0 for formula unless explicit source exists.,False,True,missing_cpp_ch_and_reported_density,2026-05-21,2026-05-21
globalfoundries_22fdx_22fdx_sc8t_104cpp_gf22fdx_sc8t_104cpp_base_055,bohr_stdcell_density_v0_4_nand2_3cpp_sff_19cpp_break_extra,104,640,1,0.11,18.6298,9.0909,"{""cpp_cgp_nm"": 104.0, ""cell_height_nm"": 640.0, ""break_extra_cpp"": 1.0, ""sram_bitcell_um2"": 0.11}",Logic density = 0.6*NAND2 + 0.4*SFF; NAND2 has 4 transistors and width (3+break_extra_cpp)*CPP; SFF has 32 transistors and width (19+break_extra_cpp)*CPP. SRAM ideal density is bitcell-only 1/sram_bitcell_um2; no macro overhead applied.,False,False,,2026-05-21,2026-05-21
globalfoundries_22fdx_22fdx_12t_104cpp_12t_high_speed_library_056,bohr_stdcell_density_v0_4_nand2_3cpp_sff_19cpp_break_extra,104,960,1,0.124,12.4199,8.0645,"{""cpp_cgp_nm"": 104.0, ""cell_height_nm"": 960.0, ""break_extra_cpp"": 1.0, ""sram_bitcell_um2"": 0.124}",Logic density = 0.6*NAND2 + 0.4*SFF; NAND2 has 4 transistors and width (3+break_extra_cpp)*CPP; SFF has 32 transistors and width (19+break_extra_cpp)*CPP. SRAM ideal density is bitcell-only 1/sram_bitcell_um2; no macro overhead applied.,True,False,,2026-05-21,2026-05-21
globalfoundries_22fdx_22fdx_ulp_ref_flow_7_5t_116cpp_physical_setup_057,bohr_stdcell_density_v0_4_nand2_3cpp_sff_19cpp_break_extra,116,600,1,0.11,17.8161,9.0909,"{""cpp_cgp_nm"": 116.0, ""cell_height_nm"": 600.0, ""break_extra_cpp"": 1.0, ""sram_bitcell_um2"": 0.11}",Logic density = 0.6*NAND2 + 0.4*SFF; NAND2 has 4 transistors and width (3+break_extra_cpp)*CPP; SFF has 32 transistors and width (19+break_extra_cpp)*CPP. SRAM ideal density is bitcell-only 1/sram_bitcell_um2; no macro overhead applied.,True,False,,2026-05-21,2026-05-21
globalfoundries_22fdx_racyics_rilib_gf22fdx_8t_116cpp_8t_cnrx_058,bohr_stdcell_density_v0_4_nand2_3cpp_sff_19cpp_break_extra,116,640,1,0.11,16.7026,9.0909,"{""cpp_cgp_nm"": 116.0, ""cell_height_nm"": 640.0, ""break_extra_cpp"": 1.0, ""sram_bitcell_um2"": 0.11}",Logic density = 0.6*NAND2 + 0.4*SFF; NAND2 has 4 transistors and width (3+break_extra_cpp)*CPP; SFF has 32 transistors and width (19+break_extra_cpp)*CPP. SRAM ideal density is bitcell-only 1/sram_bitcell_um2; no macro overhead applied.,True,False,,2026-05-21,2026-05-21
globalfoundries_22fdx_racyics_rilib_gf22fdx_9t_116cpp_9t_cnrx_automotive_059,bohr_stdcell_density_v0_4_nand2_3cpp_sff_19cpp_break_extra,116,720,1,0.11,14.8467,9.0909,"{""cpp_cgp_nm"": 116.0, ""cell_height_nm"": 720.0, ""break_extra_cpp"": 1.0, ""sram_bitcell_um2"": 0.11}",Logic density = 0.6*NAND2 + 0.4*SFF; NAND2 has 4 transistors and width (3+break_extra_cpp)*CPP; SFF has 32 transistors and width (19+break_extra_cpp)*CPP. SRAM ideal density is bitcell-only 1/sram_bitcell_um2; no macro overhead applied.,True,False,,2026-05-21,2026-05-21
umc_28nm_28hpm_hlp_hpc_faraday_7_track_minilib_060,bohr_stdcell_density_v0_4_nand2_3cpp_sff_19cpp_break_extra,,,0,,,,"{""cpp_cgp_nm"": null, ""cell_height_nm"": null, ""break_extra_cpp"": 0.0, ""sram_bitcell_um2"": null}",Logic density not calculated because cpp_cgp_nm or cell_height_nm is missing. diffusion_break_model missing; break_extra_cpp defaults to 0 for formula unless explicit source exists.,False,True,missing_cpp_ch_and_reported_density,2026-05-21,2026-05-21
umc_28nm_28hpm_hlp_hpc_faraday_d_r_9_track_generic_061,bohr_stdcell_density_v0_4_nand2_3cpp_sff_19cpp_break_extra,,,0,,,,"{""cpp_cgp_nm"": null, ""cell_height_nm"": null, ""break_extra_cpp"": 0.0, ""sram_bitcell_um2"": null}",Logic density not calculated because cpp_cgp_nm or cell_height_nm is missing. diffusion_break_model missing; break_extra_cpp defaults to 0 for formula unless explicit source exists.,False,True,missing_cpp_ch_and_reported_density,2026-05-21,2026-05-21
umc_28nm_28hpm_hlp_hpc_faraday_12_track_uhs_lib_062,bohr_stdcell_density_v0_4_nand2_3cpp_sff_19cpp_break_extra,,,0,,,,"{""cpp_cgp_nm"": null, ""cell_height_nm"": null, ""break_extra_cpp"": 0.0, ""sram_bitcell_um2"": null}",Logic density not calculated because cpp_cgp_nm or cell_height_nm is missing. diffusion_break_model missing; break_extra_cpp defaults to 0 for formula unless explicit source exists.,False,True,missing_cpp_ch_and_reported_density,2026-05-21,2026-05-21
umc_22nm_22ulp_22ull_synopsys_faraday_foundation_ip_063,bohr_stdcell_density_v0_4_nand2_3cpp_sff_19cpp_break_extra,,,0,,,,"{""cpp_cgp_nm"": null, ""cell_height_nm"": null, ""break_extra_cpp"": 0.0, ""sram_bitcell_um2"": null}",Logic density not calculated because cpp_cgp_nm or cell_height_nm is missing. diffusion_break_model missing; break_extra_cpp defaults to 0 for formula unless explicit source exists.,False,True,missing_cpp_ch_and_reported_density,2026-05-21,2026-05-21
umc_14nm_14nm_finfet_generic_foundation_ip_064,bohr_stdcell_density_v0_4_nand2_3cpp_sff_19cpp_break_extra,,,0,,,,"{""cpp_cgp_nm"": null, ""cell_height_nm"": null, ""break_extra_cpp"": 0.0, ""sram_bitcell_um2"": null}",Logic density not calculated because cpp_cgp_nm or cell_height_nm is missing. diffusion_break_model missing; break_extra_cpp defaults to 0 for formula unless explicit source exists.,False,True,missing_cpp_ch_and_reported_density,2026-05-21,2026-05-21
smic_14nm_14nm_generic_logic_065,bohr_stdcell_density_v0_4_nand2_3cpp_sff_19cpp_break_extra,,,0,,,,"{""cpp_cgp_nm"": null, ""cell_height_nm"": null, ""break_extra_cpp"": 0.0, ""sram_bitcell_um2"": null}",Logic density not calculated because cpp_cgp_nm or cell_height_nm is missing. diffusion_break_model missing; break_extra_cpp defaults to 0 for formula unless explicit source exists.,False,True,missing_cpp_ch_and_reported_density,2026-05-21,2026-05-21
smic_n_1_n_1_early_7nm_class_hd_066,bohr_stdcell_density_v0_4_nand2_3cpp_sff_19cpp_break_extra,,,0,,,,"{""cpp_cgp_nm"": null, ""cell_height_nm"": null, ""break_extra_cpp"": 0.0, ""sram_bitcell_um2"": null}",Logic density not calculated because cpp_cgp_nm or cell_height_nm is missing. diffusion_break_model missing; break_extra_cpp defaults to 0 for formula unless explicit source exists.,False,True,low_logic_density_confidence,2026-05-21,2026-05-21
smic_n_2_n_2_7nm_class_secondary_table_g63h250_secondary_table_forum_g63h252_conflict_note_067,bohr_stdcell_density_v0_4_nand2_3cpp_sff_19cpp_break_extra,63,250,0,0.0315,93.5673,31.746,"{""cpp_cgp_nm"": 63.0, ""cell_height_nm"": 250.0, ""break_extra_cpp"": 0.0, ""sram_bitcell_um2"": 0.0315}",Logic density = 0.6*NAND2 + 0.4*SFF; NAND2 has 4 transistors and width (3+break_extra_cpp)*CPP; SFF has 32 transistors and width (19+break_extra_cpp)*CPP. SRAM ideal density is bitcell-only 1/sram_bitcell_um2; no macro overhead applied.,True,True,low_geometry_confidence_used_for_calc; low_logic_density_confidence,2026-05-21,2026-05-21
smic_n_3_n_3_kirin_9030_g57h228_6t_forum_lead_068,bohr_stdcell_density_v0_4_nand2_3cpp_sff_19cpp_break_extra,57,228,0,0.026,113.3952,38.4615,"{""cpp_cgp_nm"": 57.0, ""cell_height_nm"": 228.0, ""break_extra_cpp"": 0.0, ""sram_bitcell_um2"": 0.026}",Logic density = 0.6*NAND2 + 0.4*SFF; NAND2 has 4 transistors and width (3+break_extra_cpp)*CPP; SFF has 32 transistors and width (19+break_extra_cpp)*CPP. SRAM ideal density is bitcell-only 1/sram_bitcell_um2; no macro overhead applied.,True,True,low_geometry_confidence_used_for_calc; low_logic_density_confidence,2026-05-21,2026-05-21
smic_n_3_n_3_kirin_9030_secondary_table_n_3_069,bohr_stdcell_density_v0_4_nand2_3cpp_sff_19cpp_break_extra,57,,0,0.026,,38.4615,"{""cpp_cgp_nm"": 57.0, ""cell_height_nm"": null, ""break_extra_cpp"": 0.0, ""sram_bitcell_um2"": 0.026}",Logic density not calculated because cpp_cgp_nm or cell_height_nm is missing. diffusion_break_model missing; break_extra_cpp defaults to 0 for formula unless explicit source exists. SRAM ideal density is bitcell-only 1/sram_bitcell_um2; no macro overhead applied.,False,True,low_logic_density_confidence,2026-05-21,2026-05-21
umc_28nm_28hlp_hpc_hpm_d_r_ip_listing_7_track_9_track_12_track_product_entries_cpp_ch_not_070,bohr_stdcell_density_v0_4_nand2_3cpp_sff_19cpp_break_extra,,,0,,,,"{""cpp_cgp_nm"": null, ""cell_height_nm"": null, ""break_extra_cpp"": 0.0, ""sram_bitcell_um2"": null}",Logic density not calculated because cpp_cgp_nm or cell_height_nm is missing. diffusion_break_model missing; break_extra_cpp defaults to 0 for formula unless explicit source exists.,False,True,missing_cpp_ch_and_reported_density,2026-05-21,2026-05-21
smic_n_2_n_2_7nm_class_techinsights_confirmed_geometry_not_in_free_ti_page_measurement_cat_071,bohr_stdcell_density_v0_4_nand2_3cpp_sff_19cpp_break_extra,,,0,,,,"{""cpp_cgp_nm"": null, ""cell_height_nm"": null, ""break_extra_cpp"": 0.0, ""sram_bitcell_um2"": null}",Logic density not calculated because cpp_cgp_nm or cell_height_nm is missing. diffusion_break_model missing; break_extra_cpp defaults to 0 for formula unless explicit source exists.,False,True,missing_cpp_ch_and_reported_density,2026-05-21,2026-05-21
