Foundry,Process_family,Process_node,Variant_node,Library_option,Library_class,Structure,CPP_CGP_nm,Cell_height_nm,Diffusion_break_model,Break_extra_CPP,Logic_density_calc_MTr_per_mm2,Logic_density_reported_MTr_per_mm2,SRAM_bitcell_um2,SRAM_ideal_Mb_per_mm2,SRAM_reported_Mb_mm2,Geometry_source_level,Geometry_source_URL,SRAM_source_level,SRAM_source_URL,Density_source_level,Density_source_URL,Confidence,Notes
TSMC,N28 family,N28,28HPM/HPC,generic logic,Mature planar,Planar CMOS,117,,,,,,0.127,7.874,,Public media/aggregator,https://teamvlsi.com/2021/09/tsmc-7nm-16nm-and-28nm-technology-node-compariso...,Public media/aggregator,https://teamvlsi.com/2021/09/tsmc-7nm-16nm-and-28nm-technology-node-compariso...,Not computed,,Medium,
TSMC,N16/N12 family,N16/12,16FF/16FFC/12FFC,generic / HD,FinFET mature,FinFET,90,,,,,28.9,0.074,13.5135,,Public media/aggregator,https://teamvlsi.com/2021/09/tsmc-7nm-16nm-and-28nm-technology-node-compariso...,Public media/aggregator,https://teamvlsi.com/2021/09/tsmc-7nm-16nm-and-28nm-technology-node-compariso...,Public media/aggregator,https://teamvlsi.com/2021/09/tsmc-7nm-16nm-and-28nm-technology-node-compariso...,Medium,
TSMC,N7 family,N7,N7 HD,6T / 2-fin / H240g57,HD,FinFET,57,240,DDB,1,90.6433,91.2,0.027,37.037,,Public media + reverse-engineering formula,https://teamvlsi.com/2021/09/tsmc-7nm-16nm-and-28nm-technology-node-compariso...,Public media/aggregator,https://teamvlsi.com/2021/09/tsmc-7nm-16nm-and-28nm-technology-node-compariso...,Public media/aggregator + formula,https://teamvlsi.com/2021/09/tsmc-7nm-16nm-and-28nm-technology-node-compariso...,Medium-High,
TSMC,N7 family,N7,N7 HP,3-fin / H300g64,HP,FinFET,64,300,DDB,1,64.5833,,0.027,37.037,,Media reverse-engineering/analysis,https://www.angstronomics.com/p/the-truth-of-tsmc-5nm,Borrowed node-level public SRAM,https://teamvlsi.com/2021/09/tsmc-7nm-16nm-and-28nm-technology-node-compariso...,Formula from public analysis,https://www.angstronomics.com/p/the-truth-of-tsmc-5nm,Medium,
TSMC,N7 family,N7P,N7P HD,assumed N7-compatible HD geometry,HD / process optimization,FinFET,57,240,DDB,1,90.6433,,0.027,37.037,,Derived / assumed from N7 HD,https://www.tsmc.com/english/dedicatedFoundry/technology/platform_DCE_N7_N6 ;...,Borrowed N7-family public SRAM,https://teamvlsi.com/2021/09/tsmc-7nm-16nm-and-28nm-technology-node-compariso...,Formula / derived,https://www.angstronomics.com/p/the-truth-of-tsmc-5nm,Medium-Low,
TSMC,N7 family,N7+,N7+ EUV,HD-like; public relative only,HD / EUV nodelet,FinFET,,,,,,,,,,Official relative only,https://www.tsmc.com/english/dedicatedFoundry/technology/platform_DCE_N7_N6,Not found,,Official relative only,https://www.tsmc.com/english/dedicatedFoundry/technology/platform_DCE_N7_N6,Low,
TSMC,N7 family,N6,N6 HD,N7-compatible smaller standard-cell library / CPODE-style,HD / EUV compatible,FinFET,57,240,SDB/CPODE approximation,0,107.7255,107,,,,Official + derived public formula,https://www.tsmc.com/english/dedicatedFoundry/technology/platform_DCE_N7_N6 ;...,Not found,,Official relative + derived,https://www.tsmc.com/english/dedicatedFoundry/technology/platform_DCE_N7_N6 ;...,Medium-Low,
TSMC,N5/N4 family,N5,N5 HD,6T / H210g51,HD,FinFET,51,210,SDB/CNOD,0,137.5989,137.6,0.021,47.619,31.8,Media reverse-engineering/analysis,https://www.angstronomics.com/p/the-truth-of-tsmc-5nm ; https://newsletter.se...,Conference/media analysis,https://newsletter.semianalysis.com/p/tsmcs-3nm-conundrum-does-it-even,Formula/media analysis,https://www.angstronomics.com/p/the-truth-of-tsmc-5nm,Medium-High,
TSMC,N5/N4 family,N5,N5 HP,H280g57 / 3-fin-class,HP,FinFET,57,280,SDB/CNOD,0,92.3361,92.3,0.025,40.0,26.7,Media reverse-engineering/analysis,https://www.angstronomics.com/p/the-truth-of-tsmc-5nm ; https://newsletter.se...,Conference/media analysis,https://newsletter.semianalysis.com/p/tsmcs-3nm-conundrum-does-it-even,Formula/media analysis,https://www.angstronomics.com/p/the-truth-of-tsmc-5nm,Medium,
TSMC,N5/N4 family,N5P,N5P HD,N5-compatible process optimization,HD / process optimization,FinFET,51,210,SDB/CNOD,0,137.5989,137.6,0.021,47.619,31.8,Derived from N5; media notes IP-compatible,https://newsletter.semianalysis.com/p/tsmcs-3nm-conundrum-does-it-even,Borrowed N5 node-level public SRAM,https://newsletter.semianalysis.com/p/tsmcs-3nm-conundrum-does-it-even,Formula / derived,https://www.angstronomics.com/p/the-truth-of-tsmc-5nm,Medium-Low,
TSMC,N5/N4 family,N4,N4 HD,H206g49,HD,FinFET,49,206,SDB/CPODE,0,145.9961,146,0.021,47.619,31.8,Media analysis,https://newsletter.semianalysis.com/p/tsmcs-3nm-conundrum-does-it-even,Media analysis; N4 no SRAM shrink vs N5,https://newsletter.semianalysis.com/p/tsmcs-3nm-conundrum-does-it-even,Formula/media analysis,https://newsletter.semianalysis.com/p/tsmcs-3nm-conundrum-does-it-even,Medium,
TSMC,N5/N4 family,N4,N4 HP,H274g55,HP,FinFET,55,274,SDB/CPODE,0,97.7893,94,0.025,40.0,26.7,Media analysis,https://newsletter.semianalysis.com/p/tsmcs-3nm-conundrum-does-it-even,Media analysis; borrowed N5 HP/HC value,https://newsletter.semianalysis.com/p/tsmcs-3nm-conundrum-does-it-even,Formula/media analysis,https://newsletter.semianalysis.com/p/tsmcs-3nm-conundrum-does-it-even,Medium,
TSMC,N5/N4 family,N4P,N4P HD,assumed N4-compatible HD geometry,HD / process optimization,FinFET,49,206,SDB/CPODE,0,145.9961,,0.021,47.619,31.8,Derived from N4,https://newsletter.semianalysis.com/p/tsmcs-3nm-conundrum-does-it-even,Derived from N4/N5 SRAM,https://newsletter.semianalysis.com/p/tsmcs-3nm-conundrum-does-it-even,Formula / derived,https://newsletter.semianalysis.com/p/tsmcs-3nm-conundrum-does-it-even,Medium-Low,
TSMC,N5/N4 family,N4X,N4X HPC,HPC BEOL stack optimized; library not public,HPC / X,FinFET,,,,,,,,,,Official/media qualitative only,https://newsletter.semianalysis.com/p/tsmcs-3nm-conundrum-does-it-even,,,Not computed,,Low,
TSMC,N5/N4 family,N4C,N4C cost-optimized,Cost-optimized; public library not found,Cost-optimized,FinFET,,,,,,,,,,Official qualitative only,https://www.tsmc.com/english/dedicatedFoundry/technology/platform_DCE_N7_N6,,,Not computed,,Low,
TSMC,N3 family,N3B,N3B HD,initial N3 HD; FinFET,HD,FinFET,45,,,,,,0.0199,50.2513,,Media/conference analysis,https://newsletter.semianalysis.com/p/tsmcs-3nm-conundrum-does-it-even ; http...,Media/conference analysis,https://newsletter.semianalysis.com/p/tsmcs-3nm-conundrum-does-it-even,Not computed,,Medium-Low,
TSMC,N3 family,N3E,N3E 2-1 FinFlex,5.5T / ULP-UHD / 48nm poly,UHD / lowest power,FinFET,48,143,SDB/CPODE,0,214.6976,215.6,0.021,47.619,31.8,Third-party IP + media/social analysis,https://dolphin-ic.com/products/standard-cell/tsmc_3e_cell.html ; https://www...,Media/conference analysis,https://newsletter.semianalysis.com/p/tsmcs-3nm-conundrum-does-it-even,Formula/media analysis,https://www.angstronomics.com/p/the-truth-of-tsmc-5nm,Medium,
TSMC,N3 family,N3E,N3E 2-2 FinFlex,6.5T / HP-UHD / 48nm poly option,Balanced,FinFET,48,169,SDB/CPODE,0,181.6672,182.5,0.021,47.619,31.8,Third-party IP + derived analysis,https://dolphin-ic.com/products/standard-cell/tsmc_3e_cell.html ; https://www...,Media/conference analysis,https://newsletter.semianalysis.com/p/tsmcs-3nm-conundrum-does-it-even,Formula / derived from H169g48,https://www.angstronomics.com/p/the-truth-of-tsmc-5nm,Medium-Low,
TSMC,N3 family,N3E,N3E 3-2 FinFlex,7.5T / UHP-HD / 54nm poly,Highest performance,FinFET,54,221,SDB/CPODE,0,123.4862,124,0.021,47.619,31.8,Third-party IP + social/forum/media leak,https://dolphin-ic.com/products/standard-cell/tsmc_3e_cell.html ; https://www...,Media/conference analysis,https://newsletter.semianalysis.com/p/tsmcs-3nm-conundrum-does-it-even,Formula / forum-media cross-check,https://www.angstronomics.com/p/the-truth-of-tsmc-5nm,Low-Medium,
TSMC,N3 family,N3P,N3P,FinFET PPA optimized; library not public,HD/HP TBD,FinFET,,,,,,,0.021,47.619,,Official qualitative only,https://www.tsmc.com/english/news-events/blog-article-20220616,Borrowed from N3E until public data,https://newsletter.semianalysis.com/p/tsmcs-3nm-conundrum-does-it-even,Not computed,,Low,
TSMC,N3 family,N3X,N3X,HPC/X; public library not found,HPC/X,FinFET,,,,,,,,,,Official qualitative only,https://www.tsmc.com/english/news-events/blog-article-20220616,,,Not computed,,Low,
TSMC,N2 family,N2,N2,1st-gen nanosheet; standard-cell geometry not public,HD/HP TBD,Nanosheet GAA,,,,,,,0.021,47.619,38.1,Official qualitative only,https://www.tsmc.com/english/dedicatedFoundry/technology/logic/l_2nm,TSMC Research / conference abstract,https://research.tsmc.com/page/memory/4.html,Not computed,,High for SRAM; Low for logic geometry,
TSMC,N2 family,N2P,N2P,nanosheet extension; standard-cell geometry not public,HD/HP TBD,Nanosheet GAA,,,,,,,,,,Official roadmap only,https://www.tsmc.com/english/dedicatedFoundry/technology/logic/l_2nm,,,Not computed,,Low,
TSMC,A16 family,A16,A16,nanosheet + Super Power Rail; geometry not public,HPC/advanced,Nanosheet GAA + backside power,,,,,,,,,,Official roadmap only,https://www.tsmc.com/english/dedicatedFoundry/technology/logic/l_A16,,,Not computed,,Low,
Intel Foundry,Intel 14 family,Intel 14nm,14nm / 14nm+,7.67T dense logic,HD/standard,Tri-Gate FinFET,70,399,DDB approximation,1,44.3967,37.5,0.0588,17.0068,,Media/conference summaries,https://semiwiki.com/semiconductor-manufacturers/intel/6713-14nm-16nm-10nm-and-7nm-what-we-know-now/,Media/conference summaries,https://semiwiki.com/semiconductor-manufacturers/intel/6713-14nm-16nm-10nm-and-7nm-what-we-know-now/,Media/conference summaries,https://semiwiki.com/semiconductor-manufacturers/intel/6713-14nm-16nm-10nm-and-7nm-what-we-know-now/,Medium-Low,14nm 公开数据版本较多；此行用于代际对比，非 foundry PDK。
Intel Foundry,Intel 10 / Intel 7 family,Intel 10nm,Intel 10nm HD,H272g54 class,HD,FinFET,54,272,SDB/SAQP approximation,0,100.3325,100.8,0.0312,32.0513,,Media/conference summaries,https://semiwiki.com/semiconductor-manufacturers/intel/314047-intel-4-presented-at-vlsi/,Media/conference summaries,https://semiwiki.com/semiconductor-manufacturers/intel/314047-intel-4-presented-at-vlsi/,Formula/media summaries,https://semiwiki.com/semiconductor-manufacturers/intel/314047-intel-4-presented-at-vlsi/,Medium,Intel 10nm 公开为高密度基准；后续 Intel 7/ESF 多用于高性能库。
Intel Foundry,Intel 10 / Intel 7 family,Intel 7,Intel 7 HP observed,H408g60,HP,FinFET,60,408,SDB approximation,0,60.1995,65,,,,TechInsights/media via SemiWiki,https://semiwiki.com/semiconductor-manufacturers/intel/314047-intel-4-presented-at-vlsi/ ; https://www.tomshardware.com/tech-industry/semiconductors/intel-details-18a-process-technology-boosts-performance-by-25-percent-or-lowers-power-consumption-by-36-percent,Not isolated,,Media analysis,https://semiwiki.com/semiconductor-manufacturers/intel/314047-intel-4-presented-at-vlsi/,Medium,SemiWiki 说明产品逻辑中观察到 60nm CPP 与 408nm cell height；密度约 65 MTr/mm²。
Intel Foundry,Intel 10 / Intel 7 family,Intel 7,Intel 7 dense library available,H272g54 dense cell; not necessarily used in products,HD candidate,FinFET,54,272,SDB approximation,0,100.3325,100,,,,Media analysis,https://semiwiki.com/semiconductor-manufacturers/intel/314047-intel-4-presented-at-vlsi/,,,Formula/media analysis,https://semiwiki.com/semiconductor-manufacturers/intel/314047-intel-4-presented-at-vlsi/,Low-Medium,SemiWiki 提到 Intel 7 可用 54nm CPP/272nm 高度单元但在所观察产品中未使用；作为库对比保留。
Intel Foundry,Intel 4 family,Intel 4,Intel 4 HP,H240g50,HP,FinFET,50,240,SDB,0,122.807,122.8,0.024,41.6667,,Conference/media analysis,https://semiwiki.com/semiconductor-manufacturers/intel/314047-intel-4-presented-at-vlsi/ ; https://www.angstronomics.com/p/the-truth-of-tsmc-5nm,Media/conference reports,https://www.tomshardware.com/tech-industry/semiconductors/intel-details-18a-process-technology-boosts-performance-by-25-percent-or-lowers-power-consumption-by-36-percent,Formula/media analysis,https://www.angstronomics.com/p/the-truth-of-tsmc-5nm,Medium-High,Intel 4 使用 EUV；H240g50 公开公式约 122.8 MTr/mm²。
Intel Foundry,Intel 3 family,Intel 3,Intel 3 HP,H240g50,HP,FinFET,50,240,SDB,0,122.807,,0.024,41.6667,,Media table + Intel official qualitative,https://www.tomshardware.com/tech-industry/semiconductors/intel-details-18a-process-technology-boosts-performance-by-25-percent-or-lowers-power-consumption-by-36-percent ; https://www.intel.com/content/www/us/en/foundry/process.html,Media/conference reports,https://www.tomshardware.com/tech-industry/semiconductors/intel-details-18a-process-technology-boosts-performance-by-25-percent-or-lowers-power-consumption-by-36-percent,Formula / derived,https://www.tomshardware.com/tech-industry/semiconductors/intel-details-18a-process-technology-boosts-performance-by-25-percent-or-lowers-power-consumption-by-36-percent,Medium,Intel 官方称 Intel 3 是 Intel 4 演进，1.08× chip density；HP H×CPP 与 Intel 4 接近。
Intel Foundry,Intel 3 family,Intel 3,Intel 3 HD,H210g50,HD,FinFET,50,210,SDB,0,140.3509,,0.024,41.6667,,Media table,https://www.tomshardware.com/tech-industry/semiconductors/intel-details-18a-process-technology-boosts-performance-by-25-percent-or-lowers-power-consumption-by-36-percent,Media/conference reports,https://www.tomshardware.com/tech-industry/semiconductors/intel-details-18a-process-technology-boosts-performance-by-25-percent-or-lowers-power-consumption-by-36-percent,Formula / derived,https://www.tomshardware.com/tech-industry/semiconductors/intel-details-18a-process-technology-boosts-performance-by-25-percent-or-lowers-power-consumption-by-36-percent,Medium,HD 高度来自 VLSI 2025/Tom's 表；公开度高于很多 foundry PDK 细项。
Intel Foundry,Intel 18A family,Intel 18A,18A HP,180CH / HP library,HP,RibbonFET GAA + PowerVia,50,180,SDB/PowerVia approximation,0,163.7427,,0.023,43.4783,,Media/VLSI report + Intel official qualitative,https://www.tomshardware.com/tech-industry/semiconductors/intel-details-18a-process-technology-boosts-performance-by-25-percent-or-lowers-power-consumption-by-36-percent ; https://wccftech.com/intel-18a-process-node-25-percent-higher-frequency-36-percent-lower-power-vs-intel-3/ ; https://www.intel.com/content/www/us/en/foundry/process.html,Media/VLSI report,https://wccftech.com/intel-18a-process-node-25-percent-higher-frequency-36-percent-lower-power-vs-intel-3/ ; https://www.tomshardware.com/tech-industry/semiconductors/intel-details-18a-process-technology-boosts-performance-by-25-percent-or-lowers-power-consumption-by-36-percent,Formula approximation; GAA/PowerVia caveat,https://www.tomshardware.com/tech-industry/semiconductors/intel-details-18a-process-technology-boosts-performance-by-25-percent-or-lowers-power-consumption-by-36-percent,Medium,Bohr-style formula仍按 CPP×H 粗算；PowerVia 带来额外标准单元利用率收益，不完全体现在 H×CPP。
Intel Foundry,Intel 18A family,Intel 18A,18A HD,160CH / HD library,HD,RibbonFET GAA + PowerVia,50,160,SDB/PowerVia approximation,0,184.2105,,0.021,47.619,31.8,Media/VLSI report + Intel official qualitative,https://www.tomshardware.com/tech-industry/semiconductors/intel-details-18a-process-technology-boosts-performance-by-25-percent-or-lowers-power-consumption-by-36-percent ; https://wccftech.com/intel-18a-process-node-25-percent-higher-frequency-36-percent-lower-power-vs-intel-3/ ; https://www.intel.com/content/www/us/en/foundry/process.html,Media/VLSI report,https://wccftech.com/intel-18a-process-node-25-percent-higher-frequency-36-percent-lower-power-vs-intel-3/ ; https://www.tomshardware.com/tech-industry/semiconductors/intel-details-18a-process-technology-boosts-performance-by-25-percent-or-lowers-power-consumption-by-36-percent,Formula approximation; GAA/PowerVia caveat,https://www.tomshardware.com/tech-industry/semiconductors/intel-details-18a-process-technology-boosts-performance-by-25-percent-or-lowers-power-consumption-by-36-percent,Medium,Tom's/Wccftech 报道 HDC SRAM 0.021µm²、约31.8Mb/mm²；与 TSMC N5/N3E bitcell 同量级。
Intel Foundry,Intel 18A family,Intel 18A-P,18A-P,performance extension; geometry not public,HP extension,RibbonFET GAA + PowerVia,,,,,,,,,,Official qualitative only,https://www.intel.com/content/www/us/en/foundry/process.html,,,Not computed,,Low,18A-P 是 18A extension；未找到可靠公开 H×CPP/SRAM。
Intel Foundry,Intel 14A family,Intel 14A,14A / 14A-E,next-gen RibbonFET/PowerVia; geometry not public,TBD,RibbonFET GAA + PowerVia,,,,,,,,,,Official roadmap only,https://www.intel.com/content/www/us/en/foundry/process.html,,,Not computed,,Low,路线图公开，但库级参数暂不公开。
Samsung Foundry,14nm family,14LPE/14LPP,14LPP,generic logic,HD/HP not specified,FinFET,,,,,,,,,,Official qualitative / public table missing,https://semiconductor.samsung.com/foundry/process-technology/logic-node/,,,Not computed,,Low,Samsung 官方公开 14nm FinFET 路线，但未找到可靠公开 CPP/H/SRAM 的可核验单行来源。
Samsung Foundry,7nm family,7LPP,7LPP public table,6.75T / H243g54,HD-ish public table,FinFET EUV,54,243,SDB used for formula; source table labels DDB,0,112.3064,101.6,0.0262,38.1679,,Media/foundry update table,https://semiwiki.com/semiconductor-manufacturers/samsung-foundry/259664-samsung-foundry-update-2019/ ; https://www.techinsights.com/blog/techinsights-confirms-samsungs-true-7lpp-process-samsung-exynos-990,Public media/wiki-level; not official in this table,https://en.wikipedia.org/wiki/7_nm_process,Media/foundry update table,https://semiwiki.com/semiconductor-manufacturers/samsung-foundry/259664-samsung-foundry-update-2019/,Medium,SemiWiki 表中列 DDB 但给出密度接近 SDB 公式；为密度计算使用 break_extra=0，并在此备注。
Samsung Foundry,7nm family,7LPP,7LPP Exynos 990 observed,3/3-fin / H270g54,HP-ish product-observed,FinFET EUV,54,270,SA-DB/SDB approximation,0,101.0757,,0.0262,38.1679,,TechInsights reverse-engineering,https://www.techinsights.com/blog/techinsights-confirms-samsungs-true-7lpp-process-samsung-exynos-990,Public media/wiki-level,https://en.wikipedia.org/wiki/7_nm_process,Formula / derived,https://www.techinsights.com/blog/techinsights-confirms-samsungs-true-7lpp-process-samsung-exynos-990,Medium,Exynos 990 上观察到 270nm cell height 与 3/3-fin；不代表所有 7LPP 库。
Samsung Foundry,7nm family,7LPP,7LPP Snapdragon 765G observed,2/2-fin / H243g54,HD product-observed,FinFET EUV,54,243,SA-DB/SDB approximation,0,112.3064,101.6,0.0262,38.1679,,TechInsights reverse-engineering,https://www.techinsights.com/blog/techinsights-confirms-samsungs-true-7lpp-process-samsung-exynos-990,Public media/wiki-level,https://en.wikipedia.org/wiki/7_nm_process,Formula / derived,https://www.techinsights.com/blog/techinsights-confirms-samsungs-true-7lpp-process-samsung-exynos-990,Medium,TechInsights 对 Snapdragon 765G 报告 243nm 标准单元高度与 54nm gate pitch。
Samsung Foundry,7nm family,6LPP,6LPP public table,6.75T / H243g54,HD,FinFET EUV,54,243,SDB,0,112.3064,119.9,,,,Media/foundry update table,https://semiwiki.com/semiconductor-manufacturers/samsung-foundry/259664-samsung-foundry-update-2019/,,,Media/foundry update table,https://semiwiki.com/semiconductor-manufacturers/samsung-foundry/259664-samsung-foundry-update-2019/,Medium,公开表给出 6LPP 与 7LPP 相同 H×CPP，但密度更高；真实单元库/库集可能与公式不完全一致。
Samsung Foundry,5nm family,5LPE,5LPE public table,6T / H216g54,HD,FinFET EUV,54,216,SDB,0,126.3447,134.9,0.0262,38.1679,,Media/foundry update table,https://semiwiki.com/semiconductor-manufacturers/samsung-foundry/259664-samsung-foundry-update-2019/,Public media/wiki-level,https://en.wikipedia.org/wiki/5_nm_process,Media/foundry update table,https://semiwiki.com/semiconductor-manufacturers/samsung-foundry/259664-samsung-foundry-update-2019/,Medium,5LPE 标准单元高度 216nm；SRAM bitcell 来源不是 Samsung 官方，低可信。
Samsung Foundry,5nm family,5LPP,5LPP / SF5,public library not isolated,HD/HP TBD,FinFET EUV,,,,,,,0.0262,38.1679,,Official qualitative only,https://semiconductor.samsung.com/foundry/process-technology/logic-node/,Borrowed 5LPE-class public media,https://en.wikipedia.org/wiki/5_nm_process,Not computed,,Low,5LPP/SF5 PPA 改进公开，但库级 H×CPP 未找到可靠公开来源。
Samsung Foundry,4nm family,4LPE / SF4E,4LPE public table,6.25T / H200g54,HD,FinFET EUV,54,200,SDB,0,136.4522,145.7,0.0262,38.1679,,Media/foundry update table,https://semiwiki.com/semiconductor-manufacturers/samsung-foundry/259664-samsung-foundry-update-2019/,Public media/wiki-level,https://en.wikipedia.org/wiki/4_nm_process,Media/foundry update table,https://semiwiki.com/semiconductor-manufacturers/samsung-foundry/259664-samsung-foundry-update-2019/,Medium,Samsung 官方/公开资料也常称 SF4 cell height 200nm；不同产品可能用不同库。
Samsung Foundry,4nm family,SF4,SF4 HDC media estimate,HDC library / bitcell estimate,HDC,FinFET EUV,54,200,SDB,0,136.4522,,0.023,43.4783,29,Derived from 4LPE public table,https://semiwiki.com/semiconductor-manufacturers/samsung-foundry/259664-samsung-foundry-update-2019/,Calculator/blog-level public estimate,https://www.kurnal.com/semiconductor-node-comparison-calculator,Formula / derived,https://semiwiki.com/semiconductor-manufacturers/samsung-foundry/259664-samsung-foundry-update-2019/,Low-Medium,0.023µm²/29Mb/mm² 来自非官方公开计算器/汇编，作为线索保留。
Samsung Foundry,4nm family,SF4P,SF4P,public geometry not isolated,Performance opt.,FinFET EUV,,,,,,,,,,Official qualitative only,https://semiconductor.samsung.com/news-events/tech-blog/samsung-foundry-showcases-advanced-technology-and-solutions/,,,Not computed,,Low,官方资料主要谈成熟化/PPA/IP；未见独立 CPP/H/SRAM。
Samsung Foundry,4nm family,SF4X,SF4X,HPC BEOL optimized; geometry not public,HPC/X,FinFET EUV,,,,,,,,,,Official qualitative only,https://semiconductor.samsung.com/news-events/tech-blog/samsung-foundry-showcases-advanced-technology-and-solutions/,,,Not computed,,Low,HPC 节点重点不是最小标准单元密度；未强行套用 SF4E。
Samsung Foundry,3nm family,3GAE,3GAE 1st-gen MBCFET,public relative only,GAA gen1,MBCFET / nanosheet GAA,,,,,,,,,4.57,Official relative PPA only,https://news.samsungsemiconductor.com/global/samsung-begins-chip-production-using-3nm-process-technology-with-gaa-architecture/,Tom's/ISSCC demo chip macro-level,https://www.tomshardware.com/news/samsung-3nm-isscc-2021-gaafet-3gae,Official relative PPA only,https://news.samsungsemiconductor.com/global/samsung-begins-chip-production-using-3nm-process-technology-with-gaa-architecture/,Low-Medium,Samsung 256Mb/56mm² 3nm MBCFET SRAM demo = macro/demo density，不是 bitcell；官方给 3GAE vs 5nm 面积 -16%。
Samsung Foundry,3nm family,SF3 / 3GAP,SF3 2nd-gen MBCFET,public geometry not disclosed,GAA gen2,MBCFET / nanosheet GAA,,,,,,,0.02,50.0,29,Official qualitative only,https://semiconductor.samsung.com/news-events/tech-blog/3nm-gaa-mbcfet-unrivaled-sram-design-flexibility/ ; https://news.samsungsemiconductor.com/global/samsung-begins-chip-production-using-3nm-process-technology-with-gaa-architecture/,TechInsights headline / calculator-level estimate,https://www.techinsights.com/blog/sf3-2nd-gen-3nm-gaa-sram-bit-cells-overview-samsung-exynos-w1000-processor ; https://www.kurnal.com/semiconductor-node-comparison-calculator,Not computed,,Low-Medium,TechInsights 2026 对 Exynos W1000/SF3 SRAM 有专题但细节需订阅；0.020µm²/29Mb/mm² 作为公开线索保留。
Samsung Foundry,2nm family,SF2,SF2 HD/xHD,xHD lower-area library enabled,xHD/HD,MBCFET / nanosheet GAA,,,,,,,,,,Official qualitative; no CPP/H,https://semiconductor.samsung.com/news-events/tech-blog/samsung-foundry-showcases-advanced-technology-and-solutions/,Official says SRAM peripheral area improved; no bitcell,https://semiconductor.samsung.com/news-events/tech-blog/samsung-foundry-showcases-advanced-technology-and-solutions/,Not computed,,Low,Samsung 官方称 SF2 启用 xHD library、相对 HD 降低面积，并与 SF3/SF2 Logic SRAM 兼容；无 H×CPP。
Samsung Foundry,2nm family,SF2P,SF2P,HPC extension; geometry not public,HPC,MBCFET / nanosheet GAA,,,,,,,,,,Official qualitative only,https://semiconductor.samsung.com/news-events/tech-blog/samsung-foundry-showcases-advanced-technology-and-solutions/,,,Not computed,,Low,SF2P 面向 HPC；没有公开库级几何。
GlobalFoundries,14/12 FinFET family,14LPP,14LPP,Std Cell 9T,HD/standard,FinFET,78,576,DDB / legacy assumption,1,27.5997,,0.09,11.1111,,Low-medium; secondary table + official product brief,https://en.wikipedia.org/wiki/GlobalFoundries ; https://semiwiki.com/wp-content/uploads/2018/10/pb-14lpp-1.pdf,Low-medium; secondary table,https://en.wikipedia.org/wiki/GlobalFoundries,Formula; CH derived from track*M2 pitch,https://en.wikipedia.org/wiki/GlobalFoundries ; https://semiwiki.com/wp-content/uploads/2018/10/pb-14lpp-1.pdf,Low-Medium,"GF 14LPP IP overview explicitly lists Std Cell 9T/10.5T; CPP/M1/SRAM from secondary table. CH=9*64 is a derived estimate, not foundry PDK."
GlobalFoundries,14/12 FinFET family,14LPP,14LPP,Std Cell 10.5T,HP,FinFET,78,672,DDB / legacy assumption,1,23.6569,,0.09,11.1111,,Low-medium; official track option + secondary CPP/MMP,https://en.wikipedia.org/wiki/GlobalFoundries ; https://semiwiki.com/wp-content/uploads/2018/10/pb-14lpp-1.pdf,Low-medium; node-level secondary table,https://en.wikipedia.org/wiki/GlobalFoundries,Formula; CH derived,https://en.wikipedia.org/wiki/GlobalFoundries ; https://semiwiki.com/wp-content/uploads/2018/10/pb-14lpp-1.pdf,Low,Useful for HP vs HD comparison only; exact 10.5T routing pitch/site height should be verified against GF PDK.
GlobalFoundries,14/12 FinFET family,12LP,12LP,Std Cell 7.5T,UHD / platform extension,FinFET,78,480,DDB / legacy assumption,1,33.1197,,,,,Official for 7.5T/M2; CPP inferred from 14LPP compatibility,https://gf.com/blog/gfs-12lp-process-behind-covers/ ; https://semiwiki.com/wp-content/uploads/2018/10/pb-14lpp-1.pdf,Official relative only; no bitcell size found,https://gf.com/blog/gfs-12lp-process-behind-covers/,Formula; CPP and CH partly inferred,https://gf.com/blog/gfs-12lp-process-behind-covers/ ; https://semiwiki.com/wp-content/uploads/2018/10/pb-14lpp-1.pdf,Low-Medium,"GF states same 64nm M2, 7.5T, 12% logic area scaling and 30% SRAM leakage reduction; no 12LP SRAM bitcell dimension found in open sources."
GlobalFoundries,14/12 FinFET family,12LP+,12LP+ AutoPro150,logic CPP 84; CH not public,Automotive/HPC,FinFET,84,,,,,,,,,Official for CPP only,https://gf.com/blog/driving-automotive-innovation-on-the-semiconductor-superhighway/,Not found,,Not computed; CH missing,,Medium for CPP; Low for density,Kept as partial geometry. Density not computed because CH/cell-height was not found in open sources.
GlobalFoundries,22FDX family,22FDX,22FDX SC8T_104CPP,GF22FDX_SC8T_104CPP_BASE,HD / base,Planar FD-SOI,104,640,DDB / planar/legacy assumption,1,18.6298,,0.11,9.0909,,Academic thesis citing GF 22FDX library,https://thesis.unipd.it/retrieve/189c293f-11e1-427e-a489-c99e4189347d/Brunello_Stefano.pdf,VLSI program / GF brief,https://archive.vlsisymposium.org/17web/files/VLSI2017_Tech_program.pdf?170531= ; https://gf.com/resource/wearable-display-driver-using-5528hv-and-22fdx-1/,Formula from published CPP/CH,https://thesis.unipd.it/retrieve/189c293f-11e1-427e-a489-c99e4189347d/Brunello_Stefano.pdf,Medium,Best open GF 22FDX CPP+CH pair found. Thesis names exact library and table of physical specs.
GlobalFoundries,22FDX family,22FDX,22FDX 12T_104CPP,12T high-speed library,HP / high-speed,Planar FD-SOI,104,960,DDB / planar/legacy assumption,1,12.4199,,0.124,8.0645,,Academic thesis + derived CH,https://upcommons.upc.edu/server/api/core/bitstreams/6ebbd264-e6d8-4613-8c21-56defd200ee2/content ; https://thesis.unipd.it/retrieve/189c293f-11e1-427e-a489-c99e4189347d/Brunello_Stefano.pdf,VLSI program high-current bitcell,https://archive.vlsisymposium.org/17web/files/VLSI2017_Tech_program.pdf?170531= ; https://gf.com/resource/wearable-display-driver-using-5528hv-and-22fdx-1/,Formula; CH derived from 80nm track grid,https://thesis.unipd.it/retrieve/189c293f-11e1-427e-a489-c99e4189347d/Brunello_Stefano.pdf,Low-Medium,"12T CH is derived from the 80nm horizontal pin grid, not directly quoted."
GlobalFoundries,22FDX family,22FDX,22FDX ULP ref flow,7.5T / 116CPP physical setup,ULP,Planar FD-SOI,116,600,DDB / planar/legacy assumption,1,17.8161,,0.11,9.0909,,Official GF slide for 7.5T/116CPP; CH derived,https://www.ims.uni-hannover.de/fileadmin/ims/aktivitaeten/Tensilica_Day/2018/6_slides_globalfoundries_teepe_td18.pdf,VLSI program / GF brief node-level HD,https://archive.vlsisymposium.org/17web/files/VLSI2017_Tech_program.pdf?170531= ; https://gf.com/resource/wearable-display-driver-using-5528hv-and-22fdx-1/,Formula; CH derived,https://www.ims.uni-hannover.de/fileadmin/ims/aktivitaeten/Tensilica_Day/2018/6_slides_globalfoundries_teepe_td18.pdf,Low-Medium,"Slide provides track and CPP, not literal CH. Density uses 80nm track grid from the 8T_104CPP physical spec."
GlobalFoundries,22FDX family,22FDX,Racyics rilib_gf22fdx_8t,116CPP 8T CNRX,ULV / dense,Planar FD-SOI,116,640,DDB / planar/legacy assumption,1,16.7026,,0.11,9.0909,,Third-party IP flyer + derived CH,https://racyics.de/wp-content/uploads/2025/04/Racyics_ABX_Standard_Cell_Libraries.pdf,VLSI program / GF brief node-level HD,https://archive.vlsisymposium.org/17web/files/VLSI2017_Tech_program.pdf?170531= ; https://gf.com/resource/wearable-display-driver-using-5528hv-and-22fdx-1/,Formula; CH derived,https://racyics.de/wp-content/uploads/2025/04/Racyics_ABX_Standard_Cell_Libraries.pdf,Low-Medium,Racyics provides CPP/track but not CH; CH derived using 22FDX 80nm grid.
GlobalFoundries,22FDX family,22FDX,Racyics rilib_gf22fdx_9t,116CPP 9T CNRX automotive,Automotive / robust,Planar FD-SOI,116,720,DDB / planar/legacy assumption,1,14.8467,,0.11,9.0909,,Third-party IP flyer + derived CH,https://racyics.de/wp-content/uploads/2025/04/Racyics_ABX_Standard_Cell_Libraries.pdf,VLSI program / GF brief node-level HD,https://archive.vlsisymposium.org/17web/files/VLSI2017_Tech_program.pdf?170531= ; https://gf.com/resource/wearable-display-driver-using-5528hv-and-22fdx-1/,Formula; CH derived,https://racyics.de/wp-content/uploads/2025/04/Racyics_ABX_Standard_Cell_Libraries.pdf,Low-Medium,"Automotive-grade library; SRAM value is node-level HD bitcell, not tied to this 9T library."
UMC,28nm family,28nm,28HPM/HLP/HPC,Faraday 7-track miniLib,MiniLib / area,Planar HKMG / SiON,,,,,,,,,,Third-party IP track info only,https://www.design-reuse.com/news/202525174-faraday-delivers-a-complete-set-of-umc-28nm-cell-libraries-and-memory-compilers/ ; https://www.design-reuse.com/ip/view/FI_4674/umc-28nm-hpc-rvt-logic-and-mixed-mode-process-9-track-generic-core-cell-library-enhanced-for-routing-c40-/,Not found,,Not computed; CPP/CH missing,,Medium for track; no density,Faraday says miniLib reduces die size by about 20% while preserving routability; no CGP/CH in open page.
UMC,28nm family,28nm,28HPM/HLP/HPC,Faraday / D&R 9-track generic,Generic / standard,Planar HKMG / SiON,,,,,,,,,,Third-party IP track info only,https://www.design-reuse.com/news/202525174-faraday-delivers-a-complete-set-of-umc-28nm-cell-libraries-and-memory-compilers/ ; https://www.design-reuse.com/ip/view/FI_4674/umc-28nm-hpc-rvt-logic-and-mixed-mode-process-9-track-generic-core-cell-library-enhanced-for-routing-c40-/,Not found,,Not computed; CPP/CH missing,,Medium for track; no density,"Track count is included because it is relevant to CH, but without metal track pitch or site height no density is computed."
UMC,28nm family,28nm,28HPM/HLP/HPC,Faraday 12-track UHS-Lib,UHS / high-speed,Planar HKMG / SiON,,,,,,,,,,Third-party IP track info only,https://www.design-reuse.com/news/202525174-faraday-delivers-a-complete-set-of-umc-28nm-cell-libraries-and-memory-compilers/ ; https://www.design-reuse.com/ip/view/FI_4674/umc-28nm-hpc-rvt-logic-and-mixed-mode-process-9-track-generic-core-cell-library-enhanced-for-routing-c40-/,Not found,,Not computed; CPP/CH missing,,Medium for track; no density,No credible CPP+CH pair found in public sources searched.
UMC,22nm family,22nm,22ULP/22ULL,Synopsys/Faraday foundation IP,Low-power / specialty,Planar HKMG,,,,,,,,,,Official relative only,https://www.umc.com/en/News/press_release/Content/technology_related/20191202,Not found,,Not computed; CPP/CH missing,,Low for density,"UMC official info gives readiness/porting/relative area, but no public CGP or CH."
UMC,14nm family,14nm,14nm FinFET,generic foundation IP,FinFET / mature,FinFET,,,,,,,,,,Official relative only,https://www.umc.com/en/Product/technologies/Detail/14nm,Not found,,Not computed; CPP/CH missing,,Low for density,No reliable public CPP+CH pair found; kept as explicit blank rather than inferring from other 14nm nodes.
SMIC,14/12 FinFET family,14nm,14nm,generic logic,mature FinFET,FinFET,,,,,,,,,,Not found,,Not found,,Not computed; CPP/CH missing,,Low,Public sources mostly cover availability and relative claims; no usable CPP+CH found.
SMIC,N+ family,N+1,N+1 early 7nm-class,HD?,DUV multi-patterned FinFET,FinFET,,,,,,89,,,,Secondary table / public media only,https://en.wikipedia.org/wiki/7_nm_process,Not found,,Secondary reported density only,https://en.wikipedia.org/wiki/7_nm_process,Low,No public CPP+CH pair; reported density from secondary 7nm-process table.
SMIC,N+ family,N+2,N+2 / 7nm-class,G63H252 forum/TechInsights quote,HD / inferred,FinFET,63,252,SDB/CPODE approximation,0,92.8247,93,0.0315,31.746,,Social/forum quoting TechInsights,https://semiwiki.com/forum/threads/smic-n-3-confirmed-kirin-9030-analysis-reveals-how-close-smic-is-to-5nm.24183/,Secondary table,https://en.wikipedia.org/wiki/7_nm_process,Forum quoted + formula,https://semiwiki.com/forum/threads/smic-n-3-confirmed-kirin-9030-analysis-reveals-how-close-smic-is-to-5nm.24183/,Low,This is not directly visible in the free TechInsights article; marked social/forum-derived. Formula should land close to quoted 93 MTr/mm².
SMIC,N+ family,N+3,N+3 / Kirin 9030,G57H228 6T forum lead,HD / inferred,FinFET,57,228,SDB/CPODE approximation,0,113.3952,120,0.026,38.4615,,Social/forum lead + TechInsights confirmation of N+3,https://semiwiki.com/forum/threads/smic-n-3-confirmed-kirin-9030-analysis-reveals-how-close-smic-is-to-5nm.24183/ ; https://www.techinsights.com/blog/smic-n3-confirmed-kirin-9030-analysis-reveals-how-close-smic-5nm,Secondary table,https://en.wikipedia.org/wiki/5_nm_process,Forum formula lead; secondary reported density differs,https://semiwiki.com/forum/threads/smic-n-3-confirmed-kirin-9030-analysis-reveals-how-close-smic-is-to-5nm.24183/ ; https://en.wikipedia.org/wiki/5_nm_process,Low,Forum-derived G57H228 gives about 113 MTr/mm² by the same formula; 5nm-process secondary table lists 120 MTr/mm². Both retained to show discrepancy.
SMIC,N+ family,N+3,N+3 / Kirin 9030,secondary table N+3,Reported density only,FinFET,57,,,,,120,0.026,38.4615,,Secondary table + TechInsights N+3 confirmation,https://en.wikipedia.org/wiki/5_nm_process ; https://www.techinsights.com/blog/smic-n3-confirmed-kirin-9030-analysis-reveals-how-close-smic-5nm,Secondary table,https://en.wikipedia.org/wiki/5_nm_process,Secondary table,https://en.wikipedia.org/wiki/5_nm_process,Low,Kept as separate row from G57H228 because CH is not in the secondary table.
