record_id,foundry,process_family,process_node_raw,process_node,process_node_normalized,variant_node,structure,release_timing_raw,library_class_raw,library_bucket,library_option_raw,cpp_cgp_nm,cell_height_nm,track_count,fin_or_nanosheet_configuration,diffusion_break_model,break_extra_cpp,logic_density_reported_mtr_mm2,density_basis_raw,density_basis_normalized,density_caveat,sram_bitcell_um2,sram_reported_mb_mm2,sram_type_raw,macro_overhead_assumption,m0_pitch_nm,m1_pitch_nm,m2_pitch_nm,m3_pitch_nm,mx_min_pitch_nm,metal_track_pitch_nm,metal_layers_raw,metal_stack_options_raw,euv_layer_count_raw,beol_source_id,beol_confidence,beol_confidence_bucket,power_performance_claim_raw,packaging_compatibility_raw,geometry_confidence,geometry_confidence_bucket,logic_density_confidence,logic_density_confidence_bucket,sram_confidence,sram_confidence_bucket,yield_confidence,yield_confidence_bucket,overall_confidence,overall_confidence_bucket,confidence_raw,source_id,geometry_source_id,sram_source_id,density_source_id,all_source_ids,geometry_source_level_raw,sram_source_level_raw,density_source_level_raw,beol_notes,notes,created_at,updated_at,sram_density_compare_mb_mm2,sram_density_compare_basis,sram_density_compare_source_id,sram_density_compare_confidence,v0_4_1_update_note,v0_4_2_update_note
tsmc_a16_a16_nanosheet_super_power_rail_geometry_not_public_024,TSMC,A16 family,A16,A16,A16,A16,Nanosheet GAA + backside power,"Public roadmap; HVM timing still evolving, no library geometry public",HPC/advanced,HPC,nanosheet + Super Power Rail; geometry not public,,,,nanosheet,,0,,,,No reliable public CPP+CH or reported logic density available.,,,,,,,,,,,,,,,0,missing,,,0,missing,0,missing,0,missing,0,missing,1,very_low,Low,src_tsmc_official_a16,src_tsmc_official_a16,,,src_tsmc_official_a16,Official roadmap only,,Not computed,,,2026-05-21,2026-05-21,,,,,,
tsmc_n16_12_16ff_16ffc_12ffc_generic_hd_002,TSMC,N16/N12 family,N16/12,N16/12,N16/12,16FF/16FFC/12FFC,FinFET,,FinFET mature,HD,generic / HD,90,,,,,0,28.9,million transistors per mm²,MTr/mm2,"Calculated logic density uses Bohr/Intel-style standard-cell metric only; excludes SRAM, IO, analog and macro overhead.",0.074,,6T / HD unless source says otherwise,blank: bitcell-only ideal density calculated separately; no macro overhead applied,,,,,64,,public compilation around 10 metal layers,,,src_teamvlsi_tsmc_nodes_2021,3,medium,,,3,medium,3,medium,3,medium,0,missing,3,medium,Medium,src_teamvlsi_tsmc_nodes_2021,src_teamvlsi_tsmc_nodes_2021,src_teamvlsi_tsmc_nodes_2021,src_teamvlsi_tsmc_nodes_2021,src_teamvlsi_tsmc_nodes_2021,Public media/aggregator,Public media/aggregator,Public media/aggregator,,,2026-05-21,2026-05-29,,,,,Corrected unrelated inherited N2 timing text from v0.4.,
tsmc_n2_n2_hd_h130g48_leaked_073,TSMC,N2 family,N2,N2,N2,N2 HD H130G48 leaked,GAA / nanosheet,N2 official volume production 4Q25; H130G48 geometry is media/forum leak,HD / H130G48 leaked,HD,HD / H130G48,48,130,,nanosheet; sheet stack/width not public,breakless/SDB-like formula assumption,0,236.17,Bohr-style HD standard-cell density from H130G48 leak,bohr_standard_cell_density,Low-confidence leak/social-media geometry; not official TSMC PDK. Added to allow HxG-comparable density instead of earlier 313 MTr/mm2 media claim.,0.021,38.1,HD SRAM / 2nm-CMOS-nanosheet,Use official reported density; do not use 1/bitcell ideal for comparison.,,,,,,,,,,,0,not-public,Official N2 claims full-node PPA vs N3E; this row only uses leaked HD geometry for density comparison.,TSMC advanced packaging ecosystem; not specific to this geometry row,2,low-leak/media,2,low-leak/media,5,high-official,0,not-collected,2,low,Geometry from media/forum leak; SRAM from TSMC Research official page; low overall for standard-cell geometry.,src_tsmc_official_n2,src_semiwiki_forum_2nm_leaked_density_2025,src_tsmc_research_n2_sram_2025,src_trendforce_rapidus_2hp_density_2025,src_tsmc_official_n2;src_tsmc_research_n2_sram_2025;src_trendforce_rapidus_2hp_density_2025;src_wccftech_rapidus_2hp_density_2025;src_semiwiki_forum_2nm_leaked_density_2025,social/forum + media aggregation,official/research,media aggregation/social leak,No reliable public BEOL pitch/metal stack for N2 HD row found.,v0.4.2 added as low-confidence H130G48 comparison row. Replaces prior use of 313 MTr/mm2 in compact table; 313 remains a conflicting media/TechInsights claim with unclear geometry basis.,2026-05-29,2026-05-29,38.1,"official TSMC Research reported SRAM density, not bitcell ideal",src_tsmc_research_n2_sram_2025,5,,new low-confidence N2 HD H130G48 CGP/CH comparison row added; official SRAM reused.
tsmc_n2_n2_1st_gen_nanosheet_standard_cell_geometry_not_public_022,TSMC,N2 family,N2,N2,N2,N2 official generic,Nanosheet GAA,volume production started/targeted 4Q25; first-generation TSMC nanosheet node,official generic / no public standard-cell geometry,generic/balanced,1st-gen nanosheet; official CPP/CH not public,,,,nanosheet,,0,,"official N2 page gives relative mixed-chip density, not absolute HD HxG density",relative_mixed_chip_density_only,The previous 313 MTr/mm2 value was a media/TechInsights HD-density claim and is not used in the CGP/CH comparable table. Use the separate N2 HD H130G48 leak row for Bohr-style comparison.,0.021,38.1,6T / HD unless source says otherwise,blank: bitcell-only ideal density calculated separately; no macro overhead applied,,,,,,,,,,,0,missing,,,0,not-public,0,not-public,5,official/high,0,missing,4,high,High for SRAM; Low for logic geometry,src_tsmc_official_n2,src_tsmc_official_n2,src_tsmc_research_n2_sram_2025,src_tomshardware_2nm_compare_techinsights_2025,src_tsmc_official_n2;src_tsmc_research_n2_sram_2025;src_tomshardware_2nm_compare_techinsights_2025,Official qualitative only,official/research,media/TechInsights summary,,v0.4.2 split generic official N2 row from leaked HD H130G48 row. Removed 313 MTr/mm2 from compact CGP/CH comparison because CPP/CH were not provided and basis conflicts with HxG formula; kept official SRAM 0.021um2 + 38.1Mb/mm2. N2 public standard-cell CPP/CH not available. TSMC Research gives 0.021um2 HD SRAM bitcell and 38.1Mb/mm2 macro/array density; v0.4.1 treats earlier 0.0175um2 media value as superseded/older rumor.,2026-05-21,2026-05-29,38.1,official reported SRAM macro/array density from TSMC Research; not 1/bitcell ideal,src_tsmc_research_n2_sram_2025,5,Updated N2 SRAM to official 0.021um2 + 38.1Mb/mm2; added TechInsights/Tom’s HD logic-density estimate for context.,split N2 official generic from N2 HD H130G48 comparison row; removed 313 from CGP/CH comparable row.
tsmc_n2p_n2p_nanosheet_extension_standard_cell_geometry_not_public_023,TSMC,N2 family,N2P,N2P,N2P,N2P,Nanosheet GAA,planned H2 2026 per official roadmap/media coverage,HD/HP TBD,HP,nanosheet extension; standard-cell geometry not public,,,,nanosheet,,0,,,,No reliable public CPP+CH or reported logic density available.,,,,,,,,,,,,,,,0,missing,N2P is a nanosheet extension; official public pages give roadmap/PPA context but not CPP/CH/SRAM macro density.,,0,missing,0,missing,0,missing,0,missing,1,very_low,Low,src_tsmc_official_n2,src_tsmc_official_n2,,src_tsmc_official_symposium_2023_n3p_n2,src_tsmc_official_n2;src_tsmc_official_symposium_2023_n3p_n2,Official roadmap only,,Not computed,,,2026-05-21,2026-05-29,,no public N2P SRAM macro density found; not inferred from N2,,,Kept N2P geometry/SRAM blank pending public data.,
tsmc_n28_28hpm_hpc_generic_logic_001,TSMC,N28 family,N28,N28,N28,28HPM/HPC,Planar CMOS,,Mature planar,generic/balanced,generic logic,117,,,,,0,,,,No reliable public CPP+CH or reported logic density available.,0.127,,6T / HD unless source says otherwise,blank: bitcell-only ideal density calculated separately; no macro overhead applied,,,,,90,,,,,src_teamvlsi_tsmc_nodes_2021,3,medium,,,3,medium,0,missing,3,medium,0,missing,3,medium,Medium,src_teamvlsi_tsmc_nodes_2021,src_teamvlsi_tsmc_nodes_2021,src_teamvlsi_tsmc_nodes_2021,,src_teamvlsi_tsmc_nodes_2021,Public media/aggregator,Public media/aggregator,Not computed,MMP from public compilation.,,2026-05-21,2026-05-29,,,,,Corrected unrelated inherited N2 timing text from v0.4.,
tsmc_n3b_n3b_hd_initial_n3_hd_finfet_016,TSMC,N3 family,N3B,N3B,N3B,N3B HD,FinFET,N3/N3E production era 2022-2024; FinFlex officially disclosed 2022,HD,HD,initial N3 HD; FinFET,45,,,,,0,,,,No reliable public CPP+CH or reported logic density available.,0.0199,33.55,6T / HD unless source says otherwise,blank: bitcell-only ideal density calculated separately; no macro overhead applied,,,,,23,,,,,src_semianalysis_tsmc_n3_2022,2,low,,,2,low,0,missing,3,medium,0,missing,2,low,Medium-Low,src_semianalysis_tsmc_n3_2022,src_semianalysis_tsmc_n3_2022,src_tomshardware_tsmc_n2_intel18a_sram_2024,,src_semianalysis_tsmc_n3_2022;src_tomshardware_tsmc_n2_intel18a_sram_2024,Media/conference analysis,media compilation,Not computed,N3 family public analysis/social leads; exact library-specific metal stack under NDA.,,2026-05-21,2026-05-29,33.55,reported/compiled SRAM macro-equivalent density; not bitcell ideal,src_tomshardware_tsmc_n2_intel18a_sram_2024,3,Added public compiled N3 SRAM density.,
tsmc_n3e_n3e_2_1_finflex_5_5t_ulp_uhd_48nm_poly_017,TSMC,N3 family,N3E,N3E,N3E,N3E 2-1 FinFlex,FinFET,N3/N3E production era 2022-2024; FinFlex officially disclosed 2022,UHD / lowest power,UHD,5.5T / ULP-UHD / 48nm poly,48,143,5.5,2-1 FinFlex,SDB/CPODE,0,215.6,million transistors per mm²,MTr/mm2,"Calculated logic density uses Bohr/Intel-style standard-cell metric only; excludes SRAM, IO, analog and macro overhead.",0.021,31.8,6T / HD unless source says otherwise,blank: bitcell-only ideal density calculated separately; no macro overhead applied,,,,,23,,,,,src_semianalysis_tsmc_n3_2022,2,low,,,3,medium,3,medium,3,medium,0,missing,3,medium,Medium,src_angstronomics_tsmc_5nm_2022,src_dolphin_tsmc_n3e_cells,src_tomshardware_tsmc_n2_intel18a_sram_2024,src_angstronomics_tsmc_5nm_2022,src_angstronomics_tsmc_5nm_2022;src_semianalysis_tsmc_n3_2022;src_dolphin_tsmc_n3e_cells;src_tomshardware_tsmc_n2_intel18a_sram_2024,Third-party IP + media/social analysis,media compilation,Formula/media analysis,N3 family public analysis/social leads; exact library-specific metal stack under NDA.,,2026-05-21,2026-05-29,31.8,reported/compiled N3E SRAM macro-equivalent density; not bitcell ideal,src_tomshardware_tsmc_n2_intel18a_sram_2024,3,SRAM compact comparison uses reported/compiled N3E density rather than 1/bitcell ideal.,
tsmc_n3e_n3e_2_2_finflex_6_5t_hp_uhd_48nm_poly_option_018,TSMC,N3 family,N3E,N3E,N3E,N3E 2-2 FinFlex,FinFET,N3/N3E production era 2022-2024; FinFlex officially disclosed 2022,Balanced,HP,6.5T / HP-UHD / 48nm poly option,48,169,6.5,2-2 FinFlex,SDB/CPODE,0,182.5,million transistors per mm²,MTr/mm2,"Calculated logic density uses Bohr/Intel-style standard-cell metric only; excludes SRAM, IO, analog and macro overhead.",0.021,31.8,6T / HD unless source says otherwise,blank: bitcell-only ideal density calculated separately; no macro overhead applied,,,,,23,,,,,src_semianalysis_tsmc_n3_2022,2,low,,,2,low,2,low,3,medium,0,missing,2,low,Medium-Low,src_angstronomics_tsmc_5nm_2022,src_dolphin_tsmc_n3e_cells,src_tomshardware_tsmc_n2_intel18a_sram_2024,src_angstronomics_tsmc_5nm_2022,src_angstronomics_tsmc_5nm_2022;src_semianalysis_tsmc_n3_2022;src_dolphin_tsmc_n3e_cells;src_tomshardware_tsmc_n2_intel18a_sram_2024,Third-party IP + derived analysis,media compilation,Formula / derived from H169g48,N3 family public analysis/social leads; exact library-specific metal stack under NDA.,,2026-05-21,2026-05-29,31.8,reported/compiled N3E SRAM macro-equivalent density; not bitcell ideal,src_tomshardware_tsmc_n2_intel18a_sram_2024,3,SRAM compact comparison uses reported/compiled N3E density rather than 1/bitcell ideal.,
tsmc_n3e_n3e_3_2_finflex_7_5t_uhp_hd_54nm_poly_019,TSMC,N3 family,N3E,N3E,N3E,N3E 3-2 FinFlex,FinFET,N3/N3E production era 2022-2024; FinFlex officially disclosed 2022,Highest performance,UHP,7.5T / UHP-HD / 54nm poly,54,221,7.5,3-2 FinFlex,SDB/CPODE,0,124,million transistors per mm²,MTr/mm2,"Calculated logic density uses Bohr/Intel-style standard-cell metric only; excludes SRAM, IO, analog and macro overhead.",0.021,31.8,6T / HD unless source says otherwise,blank: bitcell-only ideal density calculated separately; no macro overhead applied,,,,,23,,,,,src_semianalysis_tsmc_n3_2022,2,low,,,2,low,2,low,3,medium,0,missing,2,low,Low-Medium,src_angstronomics_tsmc_5nm_2022,src_dolphin_tsmc_n3e_cells,src_tomshardware_tsmc_n2_intel18a_sram_2024,src_angstronomics_tsmc_5nm_2022,src_angstronomics_tsmc_5nm_2022;src_semianalysis_tsmc_n3_2022;src_dolphin_tsmc_n3e_cells;src_tomshardware_tsmc_n2_intel18a_sram_2024,Third-party IP + social/forum/media leak,media compilation,Formula / forum-media cross-check,N3 family public analysis/social leads; exact library-specific metal stack under NDA.,,2026-05-21,2026-05-29,31.8,reported/compiled N3E SRAM macro-equivalent density; not bitcell ideal,src_tomshardware_tsmc_n2_intel18a_sram_2024,3,SRAM compact comparison uses reported/compiled N3E density rather than 1/bitcell ideal.,
tsmc_n3p_n3p_finfet_ppa_optimized_library_not_public_020,TSMC,N3 family,N3P,N3P,N3P,N3P,FinFET,scheduled H2 2024; media reports production began Q4 2024,HD/HP TBD,HP,FinFET PPA optimized; library not public,,,,,,0,224.6,,,224.6 MTr/mm2 is a normalized estimate from N3E reference density times official 1.04X chip-density claim; not a directly published CPP/CH-derived value.,0.021,,6T / HD unless source says otherwise,blank: bitcell-only ideal density calculated separately; no macro overhead applied,,,,,23,,,,,src_semianalysis_tsmc_n3_2022,2,low,"Official: N3P vs N3E +5% speed at same leakage, 5-10% power reduction at same speed, 1.04X chip density.",,0,missing,3,medium,1,very_low,0,missing,1,very_low,Low,src_tsmc_finflex_2022,src_tsmc_finflex_2022,src_semianalysis_tsmc_n3_2022,src_tsmc_official_symposium_2023_n3p_n2;src_tomshardware_tsmc_n3p_2025,src_tsmc_finflex_2022;src_semianalysis_tsmc_n3_2022;src_tsmc_official_symposium_2023_n3p_n2;src_tomshardware_tsmc_n3p_2025,Official qualitative only,Borrowed from N3E until public data,Not computed,N3 family public analysis/social leads; exact library-specific metal stack under NDA.,N3P exact public CPP/CH and SRAM macro density not found; keep geometry blank unless reliable reverse-engineering data emerges.,2026-05-21,2026-05-29,,no public N3P SRAM macro/array density found; do not reuse N3E unless explicitly modeling,,0,Added official N3P roadmap/density claim and Q4 2024 media-production note.,
tsmc_n3x_n3x_hpc_x_public_library_not_found_021,TSMC,N3 family,N3X,N3X,N3X,N3X,FinFET,scheduled for volume production in 2025,HPC/X,HPC,HPC/X; public library not found,,,,,,0,224.6,,,Density carried from official same-density-as-N3P statement; not a geometry-based standard-cell density.,,,,,,,,,23,,,,,src_semianalysis_tsmc_n3_2022,2,low,Official: N3X provides +5% speed vs N3P at 1.2V and the same improved chip density as N3P.,,0,missing,3,medium,0,missing,0,missing,1,very_low,Low,src_tsmc_finflex_2022,src_tsmc_finflex_2022,,src_tsmc_official_symposium_2023_n3p_n2,src_tsmc_finflex_2022;src_tsmc_official_symposium_2023_n3p_n2;src_semianalysis_tsmc_n3_2022,Official qualitative only,,Not computed,N3 family public analysis/social leads; exact library-specific metal stack under NDA.,,2026-05-21,2026-05-29,,,,,Added N3X official density/performance context.,
tsmc_n4_n4_hd_h206g49_011,TSMC,N5/N4 family,N4,N4,N4,N4 HD,FinFET,,HD,HD,H206g49,49,206,,,SDB/CPODE,0,146,million transistors per mm²,MTr/mm2,"Calculated logic density uses Bohr/Intel-style standard-cell metric only; excludes SRAM, IO, analog and macro overhead.",0.021,31.8,6T / HD unless source says otherwise,blank: bitcell-only ideal density calculated separately; no macro overhead applied,28,,35,,28,,,,,src_semianalysis_tsmc_n3_2022,3,medium,,,3,medium,3,medium,3,medium,0,missing,3,medium,Medium,src_semianalysis_tsmc_n3_2022,src_semianalysis_tsmc_n3_2022,src_tomshardware_tsmc_n2_intel18a_sram_2024,src_semianalysis_tsmc_n3_2022,src_semianalysis_tsmc_n3_2022;src_tomshardware_tsmc_n2_intel18a_sram_2024,Media analysis,media compilation,Formula/media analysis,M0/M2 from public analysis; N4X officially emphasizes optimized BEOL but exact stack not public.,,2026-05-21,2026-05-29,31.8,reported/compiled macro-equivalent SRAM density used for comparison; bitcell ideal kept only in derived_metrics,src_tomshardware_tsmc_n2_intel18a_sram_2024,3,SRAM compact comparison switched from bitcell ideal to reported/compiled macro-equivalent density.,
tsmc_n4_n4_hp_h274g55_012,TSMC,N5/N4 family,N4,N4,N4,N4 HP,FinFET,,HP,HP,H274g55,55,274,,,SDB/CPODE,0,94,million transistors per mm²,MTr/mm2,"Calculated logic density uses Bohr/Intel-style standard-cell metric only; excludes SRAM, IO, analog and macro overhead.",0.025,26.7,6T / HD unless source says otherwise,blank: bitcell-only ideal density calculated separately; no macro overhead applied,28,,35,,28,,,,,src_semianalysis_tsmc_n3_2022,3,medium,,,3,medium,3,medium,2,low,0,missing,3,medium,Medium,src_semianalysis_tsmc_n3_2022,src_semianalysis_tsmc_n3_2022,src_tomshardware_tsmc_n2_intel18a_sram_2024,src_semianalysis_tsmc_n3_2022,src_semianalysis_tsmc_n3_2022;src_tomshardware_tsmc_n2_intel18a_sram_2024,Media analysis,media compilation,Formula/media analysis,M0/M2 from public analysis; N4X officially emphasizes optimized BEOL but exact stack not public.,,2026-05-21,2026-05-29,26.7,reported/compiled HP/HC SRAM density; not bitcell ideal,src_tomshardware_tsmc_n2_intel18a_sram_2024,2,Uses low-confidence public compiled HP/HC SRAM density instead of ideal bitcell density.,
tsmc_n4c_n4c_cost_optimized_cost_optimized_public_library_not_found_015,TSMC,N5/N4 family,N4C,N4C,N4C,N4C cost-optimized,FinFET,risk/availability around 2025 per public media reports,Cost-optimized,cost-optimized,Cost-optimized; public library not found,,,,,,0,,,,No public CPP/CH or numeric SRAM macro density found; do not infer density without a source.,,,,,28,,35,,28,,,,,src_semianalysis_tsmc_n3_2022,3,medium,N4C lowers cost by reducing masks and redesigning standard-cell and SRAM-cell IP; up to 8.5% product-level cost reduction reported.,,0,missing,1,very_low,0,missing,0,missing,1,very_low,Low,src_tomshardware_tsmc_n4c_2024,src_tsmc_official_n7_n6,,src_tomshardware_tsmc_n4c_2024,src_tsmc_official_n7_n6;src_tomshardware_tsmc_n4c_2024;src_semianalysis_tsmc_n3_2022,Official qualitative only,,Not computed,M0/M2 from public analysis; N4X officially emphasizes optimized BEOL but exact stack not public.,,2026-05-21,2026-05-29,,,,,Added N4C source and cost/SRAM-redesign context; geometry and SRAM density intentionally left blank.,
tsmc_n4p_n4p_hd_assumed_n4_compatible_hd_geometry_013,TSMC,N5/N4 family,N4P,N4P,N4P,N4P HD,FinFET,,HD / process optimization,HD,assumed N4-compatible HD geometry,49,206,,,SDB/CPODE,0,146,,,"Calculated logic density uses Bohr/Intel-style standard-cell metric only; excludes SRAM, IO, analog and macro overhead.",0.021,31.8,6T / HD unless source says otherwise,blank: bitcell-only ideal density calculated separately; no macro overhead applied,28,,35,,28,,,,,src_semianalysis_tsmc_n3_2022,3,medium,"Official: N4P +11% performance vs N5, +6% vs N4, +22% power efficiency and +6% transistor density vs N5.",,2,low,3,medium,3,medium,0,missing,2,low,Medium-Low,src_semianalysis_tsmc_n3_2022,src_semianalysis_tsmc_n3_2022,src_tomshardware_tsmc_n2_intel18a_sram_2024,src_tsmc_official_n4p_2021,src_semianalysis_tsmc_n3_2022;src_tomshardware_tsmc_n2_intel18a_sram_2024;src_tsmc_official_n4p_2021,Derived from N4,media compilation,official relative claim + normalized estimate,M0/M2 from public analysis; N4X officially emphasizes optimized BEOL but exact stack not public.,N4P exact CPP/CH not publicly isolated; geometry kept as N4-compatible assumption. Reported density normalized from N5 HD baseline using official +6% transistor-density claim.,2026-05-21,2026-05-29,31.8,reported/compiled macro-equivalent SRAM density used for comparison; bitcell ideal kept only in derived_metrics,src_tomshardware_tsmc_n2_intel18a_sram_2024,3,SRAM compact comparison switched from bitcell ideal to reported/compiled macro-equivalent density.,
tsmc_n4p_n4p_hp_assumed_n4_hp_geometry_071b,TSMC,N5/N4 family,N4P,N4P,N4P,N4P HP,FinFET,,High Performance / assumed N4 HP-compatible,HP,assumed N4-compatible HP geometry / H274g55,55,274,,,SDB/CPODE,0,100,million transistors per mm²,MTr/mm2,HP row is an engineering estimate using N4 HP geometry and official +6% N4P-vs-N5 density context; not a directly published library.,0.025,26.7,6T / HD unless source says otherwise,blank: bitcell-only ideal density calculated separately; no macro overhead applied,28,,35,,28,,,,,src_semianalysis_tsmc_n3_2022,3,medium,,,3,medium,2,low,2,low,0,missing,3,medium,Medium,src_tsmc_official_n4p_2021,src_semianalysis_tsmc_n3_2022,src_tomshardware_tsmc_n2_intel18a_sram_2024,src_tsmc_official_n4p_2021,src_semianalysis_tsmc_n3_2022;src_tsmc_official_n4p_2021;src_tomshardware_tsmc_n2_intel18a_sram_2024,Media analysis,media compilation,Formula/media analysis,M0/M2 from public analysis; N4X officially emphasizes optimized BEOL but exact stack not public.,"Added in v0.4.1 to cover missing N4P HP-style row; geometry inherits public N4 HP analysis, not official PDK.",2026-05-29,2026-05-29,26.7,reported/compiled HP/HC SRAM density; not bitcell ideal,src_tomshardware_tsmc_n2_intel18a_sram_2024,2,New v0.4.1 row for N4P HP-style comparison; treat as low-confidence estimate.,
tsmc_n4x_n4x_hpc_hpc_beol_stack_optimized_library_not_public_014,TSMC,N5/N4 family,N4X,N4X,N4X,N4X HPC,FinFET,volume production 2024 / HPC-focused N4 derivative,HPC / X,HPC,HPC BEOL stack optimized; library not public,,,,,,0,,,,No reliable public CPP+CH or reported logic density available.,,,,,28,,35,,28,,,,,src_semianalysis_tsmc_n3_2022,3,medium,N4X is performance/HPC-focused N4 family variant; public sources emphasize BEOL/RC and voltage/performance optimization rather than CPP/CH.,,0,missing,0,missing,0,missing,0,missing,1,very_low,Low,src_semianalysis_tsmc_n3_2022,src_semianalysis_tsmc_n3_2022,,,src_semianalysis_tsmc_n3_2022,Official/media qualitative only,,Not computed,M0/M2 from public analysis; N4X officially emphasizes optimized BEOL but exact stack not public.,,2026-05-21,2026-05-29,,,,,Kept geometry blank because no public library CPP/CH found.,
tsmc_n5_n5_hd_6t_h210g51_008,TSMC,N5/N4 family,N5,N5,N5,N5 HD,FinFET,N5 family volume era 2020; N4/N4P later N5-compatible derivatives,HD,HD,6T / H210g51,51,210,6,,SDB/CNOD,0,137.6,million transistors per mm²,MTr/mm2,"Calculated logic density uses Bohr/Intel-style standard-cell metric only; excludes SRAM, IO, analog and macro overhead.",0.021,31.8,6T / HD unless source says otherwise,blank: bitcell-only ideal density calculated separately; no macro overhead applied,28,,35,,28,,,,,src_semianalysis_tsmc_n3_2022,3,medium,,,4,high,4,high,3,medium,0,missing,4,high,Medium-High,src_angstronomics_tsmc_5nm_2022,src_angstronomics_tsmc_5nm_2022,src_tomshardware_tsmc_n2_intel18a_sram_2024,src_angstronomics_tsmc_5nm_2022,src_angstronomics_tsmc_5nm_2022;src_semianalysis_tsmc_n3_2022;src_tomshardware_tsmc_n2_intel18a_sram_2024,Media reverse-engineering/analysis,media compilation,Formula/media analysis,M0/M2 from public analysis; N4X officially emphasizes optimized BEOL but exact stack not public.,,2026-05-21,2026-05-29,31.8,reported/compiled macro-equivalent SRAM density used for comparison; bitcell ideal kept only in derived_metrics,src_tomshardware_tsmc_n2_intel18a_sram_2024,3,SRAM compact comparison switched from bitcell ideal to reported/compiled macro-equivalent density.,
tsmc_n5_n5_hp_h280g57_3_fin_class_009,TSMC,N5/N4 family,N5,N5,N5,N5 HP,FinFET,N5 family volume era 2020; N4/N4P later N5-compatible derivatives,HP,HP,H280g57 / 3-fin-class,57,280,,3-fin,SDB/CNOD,0,92.3,million transistors per mm²,MTr/mm2,"Calculated logic density uses Bohr/Intel-style standard-cell metric only; excludes SRAM, IO, analog and macro overhead.",0.025,26.7,6T / HD unless source says otherwise,blank: bitcell-only ideal density calculated separately; no macro overhead applied,28,,35,,28,,,,,src_semianalysis_tsmc_n3_2022,3,medium,,,3,medium,3,medium,2,low,0,missing,3,medium,Medium,src_angstronomics_tsmc_5nm_2022,src_angstronomics_tsmc_5nm_2022,src_tomshardware_tsmc_n2_intel18a_sram_2024,src_angstronomics_tsmc_5nm_2022,src_angstronomics_tsmc_5nm_2022;src_semianalysis_tsmc_n3_2022;src_tomshardware_tsmc_n2_intel18a_sram_2024,Media reverse-engineering/analysis,media compilation,Formula/media analysis,M0/M2 from public analysis; N4X officially emphasizes optimized BEOL but exact stack not public.,,2026-05-21,2026-05-29,26.7,reported/compiled HP/HC SRAM density; not bitcell ideal,src_tomshardware_tsmc_n2_intel18a_sram_2024,2,Uses low-confidence public compiled HP/HC SRAM density instead of ideal bitcell density.,
tsmc_n5p_n5p_hd_n5_compatible_process_optimization_010,TSMC,N5/N4 family,N5P,N5P,N5P,N5P HD,FinFET,N5 family volume era 2020; N4/N4P later N5-compatible derivatives,HD / process optimization,HD,N5-compatible process optimization,51,210,,,SDB/CNOD,0,137.6,million transistors per mm²,MTr/mm2,"Calculated logic density uses Bohr/Intel-style standard-cell metric only; excludes SRAM, IO, analog and macro overhead.",0.021,31.8,6T / HD unless source says otherwise,blank: bitcell-only ideal density calculated separately; no macro overhead applied,28,,35,,28,,,,,src_semianalysis_tsmc_n3_2022,3,medium,,,2,low,2,low,3,medium,0,missing,2,low,Medium-Low,src_angstronomics_tsmc_5nm_2022,src_semianalysis_tsmc_n3_2022,src_tomshardware_tsmc_n2_intel18a_sram_2024,src_angstronomics_tsmc_5nm_2022,src_angstronomics_tsmc_5nm_2022;src_semianalysis_tsmc_n3_2022;src_tomshardware_tsmc_n2_intel18a_sram_2024,Derived from N5; media notes IP-compatible,media compilation,Formula / derived,M0/M2 from public analysis; N4X officially emphasizes optimized BEOL but exact stack not public.,,2026-05-21,2026-05-29,31.8,reported/compiled macro-equivalent SRAM density used for comparison; bitcell ideal kept only in derived_metrics,src_tomshardware_tsmc_n2_intel18a_sram_2024,3,SRAM compact comparison switched from bitcell ideal to reported/compiled macro-equivalent density.,
tsmc_n6_n6_hd_n7_compatible_smaller_standard_cell_library_cpode_style_007,TSMC,N7 family,N6,N6,N6,N6 HD,FinFET,,HD / EUV compatible,HD,N7-compatible smaller standard-cell library / CPODE-style,57,240,,,SDB/CPODE approximation,0,107,million transistors per mm²,MTr/mm2,"Calculated logic density uses Bohr/Intel-style standard-cell metric only; excludes SRAM, IO, analog and macro overhead.",,,,,,,40,,40,,public compilation around 17 metal layers for N7,,,src_teamvlsi_tsmc_nodes_2021,3,medium,,,2,low,2,low,0,missing,0,missing,2,low,Medium-Low,src_tsmc_official_n7_n6,src_tsmc_official_n7_n6,,src_tsmc_official_n7_n6,src_tsmc_official_n7_n6;src_teamvlsi_tsmc_nodes_2021,Official + derived public formula,Not found,Official relative + derived,N6 BEOL compatible/evolved from N7; exact N6 metal options not public.,,2026-05-21,2026-05-21,,,,,,
tsmc_n7_n7_hd_6t_2_fin_h240g57_003,TSMC,N7 family,N7,N7,N7,N7 HD,FinFET,N7 family risk/volume production 2018 era; N6 announced 2019 with N7 compatibility,HD,HD,6T / 2-fin / H240g57,57,240,6,2-fin,DDB,1,91.2,million transistors per mm²,MTr/mm2,"Calculated logic density uses Bohr/Intel-style standard-cell metric only; excludes SRAM, IO, analog and macro overhead.",0.027,,6T / HD unless source says otherwise,blank: bitcell-only ideal density calculated separately; no macro overhead applied,,,40,,40,,public compilation around 17 metal layers for N7,,,src_teamvlsi_tsmc_nodes_2021,3,medium,,,4,high,4,high,4,high,0,missing,4,high,Medium-High,src_teamvlsi_tsmc_nodes_2021,src_teamvlsi_tsmc_nodes_2021,src_teamvlsi_tsmc_nodes_2021,src_teamvlsi_tsmc_nodes_2021,src_teamvlsi_tsmc_nodes_2021,Public media + reverse-engineering formula,Public media/aggregator,Public media/aggregator + formula,N6 BEOL compatible/evolved from N7; exact N6 metal options not public.,,2026-05-21,2026-05-21,,,,,,
tsmc_n7_n7_hp_3_fin_h300g64_004,TSMC,N7 family,N7,N7,N7,N7 HP,FinFET,N7 family risk/volume production 2018 era; N6 announced 2019 with N7 compatibility,HP,HP,3-fin / H300g64,64,300,,3-fin,DDB,1,,,,"Calculated logic density uses Bohr/Intel-style standard-cell metric only; excludes SRAM, IO, analog and macro overhead.",0.027,,6T / HD unless source says otherwise,blank: bitcell-only ideal density calculated separately; no macro overhead applied,,,40,,40,,public compilation around 17 metal layers for N7,,,src_teamvlsi_tsmc_nodes_2021,3,medium,,,3,medium,3,medium,3,medium,0,missing,3,medium,Medium,src_angstronomics_tsmc_5nm_2022,src_angstronomics_tsmc_5nm_2022,src_teamvlsi_tsmc_nodes_2021,src_angstronomics_tsmc_5nm_2022,src_angstronomics_tsmc_5nm_2022;src_teamvlsi_tsmc_nodes_2021,Media reverse-engineering/analysis,Borrowed node-level public SRAM,Formula from public analysis,N6 BEOL compatible/evolved from N7; exact N6 metal options not public.,,2026-05-21,2026-05-21,,,,,,
tsmc_n7_n7_euv_hd_like_public_relative_only_006,TSMC,N7 family,N7+,N7+,N7+,N7+ EUV,FinFET,N7 family risk/volume production 2018 era; N6 announced 2019 with N7 compatibility,HD / EUV nodelet,HD,HD-like; public relative only,,,,,,0,,,,No reliable public CPP+CH or reported logic density available.,,,,,,,40,,40,,public compilation around 17 metal layers for N7,,,src_teamvlsi_tsmc_nodes_2021,3,medium,,,0,missing,0,missing,0,missing,0,missing,1,very_low,Low,src_tsmc_official_n7_n6,src_tsmc_official_n7_n6,,src_tsmc_official_n7_n6,src_tsmc_official_n7_n6;src_teamvlsi_tsmc_nodes_2021,Official relative only,Not found,Official relative only,N6 BEOL compatible/evolved from N7; exact N6 metal options not public.,,2026-05-21,2026-05-21,,,,,,
tsmc_n7p_n7p_hd_assumed_n7_compatible_hd_geometry_005,TSMC,N7 family,N7P,N7P,N7P,N7P HD,FinFET,N7 family risk/volume production 2018 era; N6 announced 2019 with N7 compatibility,HD / process optimization,HD,assumed N7-compatible HD geometry,57,240,,,DDB,1,,,,"Calculated logic density uses Bohr/Intel-style standard-cell metric only; excludes SRAM, IO, analog and macro overhead.",0.027,,6T / HD unless source says otherwise,blank: bitcell-only ideal density calculated separately; no macro overhead applied,,,40,,40,,public compilation around 17 metal layers for N7,,,src_teamvlsi_tsmc_nodes_2021,3,medium,,,2,low,2,low,2,low,0,missing,2,low,Medium-Low,src_tsmc_official_n7_n6,src_tsmc_official_n7_n6,src_teamvlsi_tsmc_nodes_2021,src_angstronomics_tsmc_5nm_2022,src_tsmc_official_n7_n6;src_angstronomics_tsmc_5nm_2022;src_teamvlsi_tsmc_nodes_2021,Derived / assumed from N7 HD,Borrowed N7-family public SRAM,Formula / derived,N6 BEOL compatible/evolved from N7; exact N6 metal options not public.,,2026-05-21,2026-05-21,,,,,,
intel_foundry_intel_10nm_intel_10nm_hd_h272g54_class_026,Intel Foundry,Intel 10 / Intel 7 family,Intel 10nm,Intel 10nm,Intel 10nm,Intel 10nm HD,FinFET,,HD,HD,H272g54 class,54,272,,,SDB/SAQP approximation,0,100.8,million transistors per mm²,MTr/mm2,"Calculated logic density uses Bohr/Intel-style standard-cell metric only; excludes SRAM, IO, analog and macro overhead.",0.0312,,6T / HD unless source says otherwise,blank: bitcell-only ideal density calculated separately; no macro overhead applied,,,,,36,,,,,src_semiwiki_intel_14_10_2016,3,medium,,,3,medium,3,medium,3,medium,0,missing,3,medium,Medium,src_semiwiki_intel4_vlsi2022,src_semiwiki_intel4_vlsi2022,src_semiwiki_intel4_vlsi2022,src_semiwiki_intel4_vlsi2022,src_semiwiki_intel4_vlsi2022;src_semiwiki_intel_14_10_2016,Media/conference summaries,Media/conference summaries,Formula/media summaries,,Intel 10nm 公开为高密度基准；后续 Intel 7/ESF 多用于高性能库。,2026-05-21,2026-05-21,,,,,,
intel_foundry_intel_7_intel_7_hp_observed_h408g60_027,Intel Foundry,Intel 10 / Intel 7 family,Intel 7,Intel 7,Intel 7,Intel 7 HP observed,FinFET,,HP,HP,H408g60,60,408,,,SDB approximation,0,65,million transistors per mm²,MTr/mm2,"Calculated logic density uses Bohr/Intel-style standard-cell metric only; excludes SRAM, IO, analog and macro overhead.",,,,,,,,,36,,,,,src_semiwiki_intel_14_10_2016,3,medium,,,3,medium,3,medium,0,missing,0,missing,3,medium,Medium,src_semiwiki_intel4_vlsi2022,src_semiwiki_intel4_vlsi2022,,src_semiwiki_intel4_vlsi2022,src_semiwiki_intel4_vlsi2022;src_tomshardware_intel_18a_vlsi2025;src_semiwiki_intel_14_10_2016,TechInsights/media via SemiWiki,Not isolated,Media analysis,,SemiWiki 说明产品逻辑中观察到 60nm CPP 与 408nm cell height；密度约 65 MTr/mm²。,2026-05-21,2026-05-21,,,,,,
intel_foundry_intel_7_intel_7_dense_library_available_h272g54_dense_cell_not_necessarily_u_028,Intel Foundry,Intel 10 / Intel 7 family,Intel 7,Intel 7,Intel 7,Intel 7 dense library available,FinFET,,HD candidate,HD,H272g54 dense cell; not necessarily used in products,54,272,,,SDB approximation,0,100,million transistors per mm²,MTr/mm2,"Calculated logic density uses Bohr/Intel-style standard-cell metric only; excludes SRAM, IO, analog and macro overhead.",,,,,,,,,36,,,,,src_semiwiki_intel_14_10_2016,3,medium,,,2,low,2,low,0,missing,0,missing,2,low,Low-Medium,src_semiwiki_intel4_vlsi2022,src_semiwiki_intel4_vlsi2022,,src_semiwiki_intel4_vlsi2022,src_semiwiki_intel4_vlsi2022;src_semiwiki_intel_14_10_2016,Media analysis,,Formula/media analysis,,SemiWiki 提到 Intel 7 可用 54nm CPP/272nm 高度单元但在所观察产品中未使用；作为库对比保留。,2026-05-21,2026-05-21,,,,,,
intel_foundry_intel_14nm_14nm_14nm_7_67t_dense_logic_025,Intel Foundry,Intel 14 family,Intel 14nm,Intel 14nm,Intel 14nm,14nm / 14nm+,Tri-Gate FinFET,,HD/standard,HD,7.67T dense logic,70,399,7.67,,DDB approximation,1,37.5,million transistors per mm²,MTr/mm2,"Calculated logic density uses Bohr/Intel-style standard-cell metric only; excludes SRAM, IO, analog and macro overhead.",0.0588,,6T / HD unless source says otherwise,blank: bitcell-only ideal density calculated separately; no macro overhead applied,,,,,52,,,,,src_semiwiki_intel_14_10_2016,2,low,,,2,low,2,low,2,low,0,missing,2,low,Medium-Low,src_semiwiki_intel_14_10_2016,src_semiwiki_intel_14_10_2016,src_semiwiki_intel_14_10_2016,src_semiwiki_intel_14_10_2016,src_semiwiki_intel_14_10_2016,Media/conference summaries,Media/conference summaries,Media/conference summaries,,14nm 公开数据版本较多；此行用于代际对比，非 foundry PDK。,2026-05-21,2026-05-21,,,,,,
intel_foundry_intel_14a_14a_14a_e_next_gen_ribbonfet_powervia_geometry_not_public_035,Intel Foundry,Intel 14A family,Intel 14A,Intel 14A,Intel 14A,14A / 14A-E,RibbonFET GAA + PowerVia,,TBD,generic/unspecified,next-gen RibbonFET/PowerVia; geometry not public,,,,RibbonFET,,0,,,,No reliable public CPP+CH or reported logic density available.,,,,,32,,,,30,,,PowerVia backside power; RibbonFET FEOL,,src_tomshardware_intel_18a_vlsi2025,2,low,,,0,missing,0,missing,0,missing,0,missing,1,very_low,Low,src_intel_official_foundry_process,src_intel_official_foundry_process,,,src_intel_official_foundry_process;src_tomshardware_intel_18a_vlsi2025,Official roadmap only,,Not computed,"PowerVia official; M0/min pitch from public media/social summaries, not Intel free PDK.",路线图公开，但库级参数暂不公开。,2026-05-21,2026-05-21,,,,,,
intel_foundry_intel_18a_18a_hd_160ch_hd_library_033,Intel Foundry,Intel 18A family,Intel 18A,Intel 18A,Intel 18A,18A HD,RibbonFET GAA + PowerVia,Intel reports 18A HVM ramp targeted/started H2 2025 depending SKU; public VLSI 2025 details,HD,HD,160CH / HD library,50,160,,,SDB/PowerVia approximation,0,184.21,"Bohr-style HD standard-cell density from H160G50; media/social comparison, not TechInsights 238 MTr/mm2 claim",bohr_standard_cell_density,Corrected in v0.4.2: 238 MTr/mm2 is treated as a conflicting TechInsights/media HD-density claim with unclear geometry basis and is excluded from CGP/CH comparable density.,0.021,34.3,6T / HD unless source says otherwise,blank: bitcell-only ideal density calculated separately; no macro overhead applied,32,,,,30,,,PowerVia backside power; RibbonFET FEOL,,src_tomshardware_intel_18a_vlsi2025,2,low,,Foveros/EMIB supported in official Intel foundry context,3,medium,2,low-media-derived,4,high,0,missing,3,medium,Medium,src_intel_official_foundry_process,src_tomshardware_intel_18a_vlsi2025,src_researchgate_intel_18a_sram_2026,src_trendforce_rapidus_2hp_density_2025,src_intel_official_foundry_process;src_tomshardware_intel_18a_vlsi2025;src_trendforce_rapidus_2hp_density_2025;src_wccftech_rapidus_2hp_density_2025;src_researchgate_intel_18a_sram_2026;src_tomshardware_2nm_compare_techinsights_2025,Media/VLSI report + Intel official qualitative,paper-metadata,media/aggregator citing leak; conflicts with TechInsights 238 claim,"PowerVia official; M0/min pitch from public media/social summaries, not Intel free PDK.","v0.4.2 corrected CGP/CH-comparable density to H160G50 Bohr-style 184.21 MTr/mm2. Keep 238 MTr/mm2 only as a conflicting/non-HxG-comparable TechInsights/media claim in notes; not used in compact compare. 18A HD compare density uses high-volume macro 34.3Mb/mm2, not the 1/0.021um2 ideal and not the best-case large-array 38.1Mb/mm2.",2026-05-21,2026-05-29,34.3,high-volume macro implementation density; array maximum 38.1Mb/mm2 noted separately,src_researchgate_intel_18a_sram_2026,4,Changed compact SRAM comparison from ideal/array-equivalent to macro implementation density.,corrected Intel 18A HD density from 238 to 184.21 for H160G50 CGP/CH comparable comparison; 238 retained only as conflict note.
intel_foundry_intel_18a_18a_hp_180ch_hp_library_032,Intel Foundry,Intel 18A family,Intel 18A,Intel 18A,Intel 18A,18A HP,RibbonFET GAA + PowerVia,Intel reports 18A HVM ramp targeted/started H2 2025 depending SKU; public VLSI 2025 details,HP,HP,180CH / HP library,50,180,,,SDB/PowerVia approximation,0,,,,"Calculated logic density uses Bohr/Intel-style standard-cell metric only; excludes SRAM, IO, analog and macro overhead.",0.023,,6T / HD unless source says otherwise,blank: bitcell-only ideal density calculated separately; no macro overhead applied,32,,,,30,,,PowerVia backside power; RibbonFET FEOL,,src_tomshardware_intel_18a_vlsi2025,2,low,,Foveros/EMIB supported in official Intel foundry context,3,medium,3,medium,3,medium,0,missing,3,medium,Medium,src_intel_official_foundry_process,src_tomshardware_intel_18a_vlsi2025,src_wccftech_21848d98,src_tomshardware_intel_18a_vlsi2025,src_intel_official_foundry_process;src_tomshardware_intel_18a_vlsi2025;src_wccftech_21848d98,Media/VLSI report + Intel official qualitative,Media/VLSI report,Formula approximation; GAA/PowerVia caveat,"PowerVia official; M0/min pitch from public media/social summaries, not Intel free PDK.",Bohr-style formula仍按 CPP×H 粗算；PowerVia 带来额外标准单元利用率收益，不完全体现在 H×CPP。,2026-05-21,2026-05-29,,"HCC bitcell area public, but no comparable macro/array bit density found for HP row",,0,Left HP SRAM compare blank because published macro density is for HD/HDC implementation.,
intel_foundry_intel_18a_p_18a_p_performance_extension_geometry_not_public_034,Intel Foundry,Intel 18A family,Intel 18A-P,Intel 18A-P,Intel 18A-P,18A-P,RibbonFET GAA + PowerVia,Intel reports 18A HVM ramp targeted/started H2 2025 depending SKU; public VLSI 2025 details,HP extension,HP,performance extension; geometry not public,,,,,,0,,,,No reliable public CPP+CH or reported logic density available.,,,,,32,,,,30,,,PowerVia backside power; RibbonFET FEOL,,src_tomshardware_intel_18a_vlsi2025,2,low,,Foveros/EMIB supported in official Intel foundry context,0,missing,0,missing,0,missing,0,missing,1,very_low,Low,src_intel_official_foundry_process,src_intel_official_foundry_process,,,src_intel_official_foundry_process;src_tomshardware_intel_18a_vlsi2025,Official qualitative only,,Not computed,"PowerVia official; M0/min pitch from public media/social summaries, not Intel free PDK.",18A-P 是 18A extension；未找到可靠公开 H×CPP/SRAM。,2026-05-21,2026-05-21,,,,,,
intel_foundry_intel_3_intel_3_hd_h210g50_031,Intel Foundry,Intel 3 family,Intel 3,Intel 3,Intel 3,Intel 3 HD,FinFET,,HD,HD,H210g50,50,210,,,SDB,0,,,,"Calculated logic density uses Bohr/Intel-style standard-cell metric only; excludes SRAM, IO, analog and macro overhead.",0.024,27.825,6T / HD unless source says otherwise,blank: bitcell-only ideal density calculated separately; no macro overhead applied,30,,,,30,,,,,src_semiwiki_intel4_vlsi2022,4,high,,,3,medium,3,medium,1,very_low,0,missing,3,medium,Medium,src_tomshardware_intel_18a_vlsi2025,src_tomshardware_intel_18a_vlsi2025,src_tomshardware_tsmc_n2_intel18a_sram_2024,src_tomshardware_intel_18a_vlsi2025,src_tomshardware_intel_18a_vlsi2025;src_tomshardware_tsmc_n2_intel18a_sram_2024;src_semiwiki_intel4_vlsi2022,Media table,Media/conference reports,Formula / derived,Intel 4 public VLSI analysis gives 30nm minimum metal pitch/M0 class.,HD 高度来自 VLSI 2025/Tom's 表；公开度高于很多 foundry PDK 细项。,2026-05-21,2026-05-29,27.825,proxy from Intel 4 compiled SRAM density; no direct Intel 3 macro density found,src_tomshardware_tsmc_n2_intel18a_sram_2024,1,"Explicitly marked Intel 3 SRAM density as low-confidence proxy, not direct reported macro data.",
intel_foundry_intel_3_intel_3_hp_h240g50_030,Intel Foundry,Intel 3 family,Intel 3,Intel 3,Intel 3,Intel 3 HP,FinFET,,HP,HP,H240g50,50,240,,,SDB,0,,,,"Calculated logic density uses Bohr/Intel-style standard-cell metric only; excludes SRAM, IO, analog and macro overhead.",0.024,27.825,6T / HD unless source says otherwise,blank: bitcell-only ideal density calculated separately; no macro overhead applied,30,,,,30,,,,,src_semiwiki_intel4_vlsi2022,4,high,,,3,medium,3,medium,1,very_low,0,missing,3,medium,Medium,src_intel_official_foundry_process,src_tomshardware_intel_18a_vlsi2025,src_tomshardware_tsmc_n2_intel18a_sram_2024,src_tomshardware_intel_18a_vlsi2025,src_intel_official_foundry_process;src_tomshardware_intel_18a_vlsi2025;src_tomshardware_tsmc_n2_intel18a_sram_2024;src_semiwiki_intel4_vlsi2022,Media table + Intel official qualitative,Media/conference reports,Formula / derived,Intel 4 public VLSI analysis gives 30nm minimum metal pitch/M0 class.,Intel 官方称 Intel 3 是 Intel 4 演进，1.08× chip density；HP H×CPP 与 Intel 4 接近。,2026-05-21,2026-05-29,27.825,proxy from Intel 4 compiled SRAM density; no direct Intel 3 macro density found,src_tomshardware_tsmc_n2_intel18a_sram_2024,1,"Explicitly marked Intel 3 SRAM density as low-confidence proxy, not direct reported macro data.",
intel_foundry_intel_4_intel_4_hp_h240g50_029,Intel Foundry,Intel 4 family,Intel 4,Intel 4,Intel 4,Intel 4 HP,FinFET,,HP,HP,H240g50,50,240,,,SDB,0,122.8,million transistors per mm²,MTr/mm2,"Calculated logic density uses Bohr/Intel-style standard-cell metric only; excludes SRAM, IO, analog and macro overhead.",0.024,27.825,6T / HD unless source says otherwise,blank: bitcell-only ideal density calculated separately; no macro overhead applied,30,,,,30,,,,,src_semiwiki_intel4_vlsi2022,4,high,,,4,high,4,high,3,medium,0,missing,4,high,Medium-High,src_angstronomics_tsmc_5nm_2022,src_semiwiki_intel4_vlsi2022,src_tomshardware_tsmc_n2_intel18a_sram_2024,src_angstronomics_tsmc_5nm_2022,src_angstronomics_tsmc_5nm_2022;src_semiwiki_intel4_vlsi2022;src_tomshardware_intel_18a_vlsi2025;src_tomshardware_tsmc_n2_intel18a_sram_2024,Conference/media analysis,Media/conference reports,Formula/media analysis,Intel 4 public VLSI analysis gives 30nm minimum metal pitch/M0 class.,Intel 4 使用 EUV；H240g50 公开公式约 122.8 MTr/mm²。,2026-05-21,2026-05-29,27.825,reported/compiled Intel 4 SRAM density; not bitcell ideal,src_tomshardware_tsmc_n2_intel18a_sram_2024,3,Added realistic SRAM density for compact comparison.,
samsung_foundry_14lpe_14lpp_14lpp_generic_logic_036,Samsung Foundry,14nm family,14LPE/14LPP,14LPE/14LPP,14LPE/14LPP,14LPP,FinFET,Samsung official page states SF4 mass production in 2021,HD/HP not specified,HP,generic logic,,,,,,0,,,,No reliable public CPP+CH or reported logic density available.,,,,,,,,32,32,,,,,src_semiwiki_samsung_foundry_2019,3,medium,,,0,missing,0,missing,0,missing,0,missing,1,very_low,Low,src_samsung_official_logic_node,src_samsung_official_logic_node,,,src_samsung_official_logic_node;src_semiwiki_samsung_foundry_2019,Official qualitative / public table missing,,Not computed,SemiWiki table reports M3=32nm; Samsung official notes new MOL/scaled Mx and SF4X BEOL RC optimization.,Samsung 官方公开 14nm FinFET 路线，但未找到可靠公开 CPP/H/SRAM 的可核验单行来源。,2026-05-21,2026-05-21,,,,,,
samsung_foundry_sf2_sf2_hd_xhd_xhd_lower_area_library_enabled_049,Samsung Foundry,2nm family,SF2,SF2,SF2,SF2 HD/xHD,MBCFET / nanosheet GAA,Samsung roadmap: SF2 started mass production/stable volume in 2025; SF2P late 2026,xHD/HD,UHD,xHD lower-area library enabled,,,,,,0,231,,,"231 MTr/mm2 is a media/TechInsights-summary estimate, not official CPP/CH-derived density.",,,,,,,,,,,,,,,0,missing,Official Samsung roadmap: SF2 is second-generation MBCFET/GAA with reduced cell height; public CPP/CH not disclosed.,,0,missing,3,medium,0,missing,0,missing,3,medium,Low,src_samsung_official_logic_node_2026_update,src_semiconductor_b166fee5,src_semiconductor_b166fee5,src_tomshardware_2nm_compare_techinsights_2025;src_samsung_official_logic_node_2026_update,src_semiconductor_b166fee5;src_samsung_official_logic_node_2026_update;src_tomshardware_2nm_compare_techinsights_2025;src_wikipedia_2nm_process_2026,Official qualitative; no CPP/H,Official says SRAM peripheral area improved; no bitcell,Not computed,,Samsung 官方称 SF2 启用 xHD library、相对 HD 降低面积，并与 SF3/SF2 Logic SRAM 兼容；无 H×CPP。,2026-05-21,2026-05-29,,no public comparable SF2 SRAM macro/array density found,,0,Added SF2 release and density-estimate context; no SRAM macro density filled.,
samsung_foundry_sf2p_sf2p_hpc_extension_geometry_not_public_050,Samsung Foundry,2nm family,SF2P,SF2P,SF2P,SF2P,MBCFET / nanosheet GAA,Samsung roadmap: SF2P late 2026,HPC,HPC,HPC extension; geometry not public,,,,,,0,,,,No reliable public CPP+CH or reported logic density available.,,,,,,,,,,,,,,,0,missing,SF2P is listed as a later performance extension of SF2; public geometry/SRAM macro density not disclosed.,,0,missing,0,missing,0,missing,0,missing,1,very_low,Low,src_samsung_official_logic_node_2026_update,src_semiconductor_b166fee5,,,src_semiconductor_b166fee5;src_samsung_official_logic_node_2026_update,Official qualitative only,,Not computed,,SF2P 面向 HPC；没有公开库级几何。,2026-05-21,2026-05-29,,no public comparable SF2P SRAM macro/array density found,,,Added official SF2P timing context.,
samsung_foundry_3gae_3gae_1st_gen_mbcfet_public_relative_only_047,Samsung Foundry,3nm family,3GAE,3GAE,3GAE,3GAE 1st-gen MBCFET,MBCFET / nanosheet GAA,initial production started 2022,GAA gen1,generic/unspecified,public relative only,,,,MBCFET,,0,150,,,No reliable public CPP+CH or reported logic density available.,,4.57,,,,,,,,,,,,,0,missing,"Official: first-generation 3nm GAA vs 5nm targets up to -45% power, +23% performance, -16% area.",,0,missing,1,very_low,2,low,0,missing,2,low,Low-Medium,src_news_c4a2d7c0,src_news_c4a2d7c0,src_tomshardware_df5e2ec3,src_wikipedia_3nm_process_2026;src_samsung_official_3nm_gaa_2022,src_news_c4a2d7c0;src_tomshardware_df5e2ec3;src_samsung_official_3nm_gaa_2022;src_wikipedia_3nm_process_2026,Official relative PPA only,Tom's/ISSCC demo chip macro-level,Official relative PPA only,,Samsung 256Mb/56mm² 3nm MBCFET SRAM demo = macro/demo density，不是 bitcell；官方给 3GAE vs 5nm 面积 -16%。,2026-05-21,2026-05-29,,existing 4.57Mb/mm2 value excluded from compact comparison as non-comparable SRAM test/early metric; no public macro density retained,,0,Added official 2022 production/PPA statement; excluded low comparable SRAM value from compact compare.,
samsung_foundry_sf3_3gap_sf3_2nd_gen_mbcfet_public_geometry_not_disclosed_048,Samsung Foundry,3nm family,SF3 / 3GAP,SF3 / 3GAP,SF3 / 3GAP,SF3 2nd-gen MBCFET,MBCFET / nanosheet GAA,Samsung roadmap lists SF3 / second-generation GAA; public products include Exynos W1000 SF3 coverage by TechInsights,GAA gen2,generic/unspecified,public geometry not disclosed,,,,MBCFET,,0,190,,,No reliable public CPP+CH or reported logic density available.,0.02,,6T / HD unless source says otherwise,blank: bitcell-only ideal density calculated separately; no macro overhead applied,,,,,,,,,,,0,missing,Samsung official roadmap describes SF3/SF2 as GAA/MBCFET nodes; exact public CPP/CH/SRAM density not disclosed.,,0,missing,1,very_low,2,low,0,missing,2,low,Low-Medium,src_samsung_official_logic_node_2026_update,src_semiconductor_ab45e548,src_techinsights_b80be684,src_wikipedia_3nm_process_2026,src_news_c4a2d7c0;src_semiconductor_ab45e548;src_techinsights_b80be684;src_kurnal_b1cde8c1;src_samsung_official_logic_node_2026_update;src_wikipedia_3nm_process_2026,Official qualitative only,TechInsights headline / calculator-level estimate,Not computed,,TechInsights 2026 对 Exynos W1000/SF3 SRAM 有专题但细节需订阅；0.020µm²/29Mb/mm² 作为公开线索保留。,2026-05-21,2026-05-29,,no public comparable SF3 SRAM macro density found; prior 29Mb/mm2 estimate removed from compact compare,,0,Updated SF3 release/roadmap context; removed low-confidence SRAM density estimate from comparison.,
samsung_foundry_4lpe_sf4e_4lpe_public_table_6_25t_h200g54_043,Samsung Foundry,4nm family,4LPE / SF4E,4LPE / SF4E,4LPE / SF4E,4LPE public table,FinFET EUV,Samsung official page states SF4 mass production in 2021,HD,HD,6.25T / H200g54,54,200,6.25,,SDB,0,145.7,million transistors per mm²,MTr/mm2,"Calculated logic density uses Bohr/Intel-style standard-cell metric only; excludes SRAM, IO, analog and macro overhead.",0.0262,,6T / HD unless source says otherwise,blank: bitcell-only ideal density calculated separately; no macro overhead applied,,,,32,32,,,,,src_semiwiki_samsung_foundry_2019,3,medium,,,3,medium,3,medium,3,medium,0,missing,3,medium,Medium,src_semiwiki_samsung_foundry_2019,src_semiwiki_samsung_foundry_2019,src_en_205a336a,src_semiwiki_samsung_foundry_2019,src_semiwiki_samsung_foundry_2019;src_en_205a336a,Media/foundry update table,Public media/wiki-level,Media/foundry update table,SemiWiki table reports M3=32nm; Samsung official notes new MOL/scaled Mx and SF4X BEOL RC optimization.,Samsung 官方/公开资料也常称 SF4 cell height 200nm；不同产品可能用不同库。,2026-05-21,2026-05-21,,,,,,
samsung_foundry_sf4_sf4_hdc_media_estimate_hdc_library_bitcell_estimate_044,Samsung Foundry,4nm family,SF4,SF4,SF4,SF4 HDC media estimate,FinFET EUV,Samsung official page states SF4 mass production in 2021,HDC,HD,HDC library / bitcell estimate,54,200,,,SDB,0,,,,"Calculated logic density uses Bohr/Intel-style standard-cell metric only; excludes SRAM, IO, analog and macro overhead.",0.023,29,6T / HD unless source says otherwise,blank: bitcell-only ideal density calculated separately; no macro overhead applied,,,,32,32,,,,,src_semiwiki_samsung_foundry_2019,3,medium,,,2,low,2,low,2,low,0,missing,2,low,Low-Medium,src_semiwiki_samsung_foundry_2019,src_semiwiki_samsung_foundry_2019,src_kurnal_b1cde8c1,src_semiwiki_samsung_foundry_2019,src_semiwiki_samsung_foundry_2019;src_kurnal_b1cde8c1,Derived from 4LPE public table,Calculator/blog-level public estimate,Formula / derived,SemiWiki table reports M3=32nm; Samsung official notes new MOL/scaled Mx and SF4X BEOL RC optimization.,0.023µm²/29Mb/mm² 来自非官方公开计算器/汇编，作为线索保留。,2026-05-21,2026-05-29,,removed v0.4 low-confidence 29Mb/mm2 estimate from compact comparison; no public comparable SF4 SRAM macro density retained,,0,SRAM compare now requires comparable reported macro/array density; removed estimate.,
samsung_foundry_sf4p_sf4p_public_geometry_not_isolated_045,Samsung Foundry,4nm family,SF4P,SF4P,SF4P,SF4P,FinFET EUV,Samsung official page states SF4 mass production in 2021,Performance opt.,generic/unspecified,public geometry not isolated,,,,,,0,,,,No reliable public CPP+CH or reported logic density available.,,,,,,,,32,32,,,,,src_semiwiki_samsung_foundry_2019,3,medium,,,0,missing,0,missing,0,missing,0,missing,1,very_low,Low,src_semiconductor_b166fee5,src_semiconductor_b166fee5,,,src_semiconductor_b166fee5;src_semiwiki_samsung_foundry_2019,Official qualitative only,,Not computed,SemiWiki table reports M3=32nm; Samsung official notes new MOL/scaled Mx and SF4X BEOL RC optimization.,官方资料主要谈成熟化/PPA/IP；未见独立 CPP/H/SRAM。,2026-05-21,2026-05-21,,,,,,
samsung_foundry_sf4x_sf4x_hpc_beol_optimized_geometry_not_public_046,Samsung Foundry,4nm family,SF4X,SF4X,SF4X,SF4X,FinFET EUV,Samsung official page states SF4 mass production in 2021,HPC/X,HPC,HPC BEOL optimized; geometry not public,,,,,,0,,,,No reliable public CPP+CH or reported logic density available.,,,,,,,,32,32,,,,,src_semiwiki_samsung_foundry_2019,3,medium,,,0,missing,0,missing,0,missing,0,missing,1,very_low,Low,src_semiconductor_b166fee5,src_semiconductor_b166fee5,,,src_semiconductor_b166fee5;src_semiwiki_samsung_foundry_2019,Official qualitative only,,Not computed,SemiWiki table reports M3=32nm; Samsung official notes new MOL/scaled Mx and SF4X BEOL RC optimization.,HPC 节点重点不是最小标准单元密度；未强行套用 SF4E。,2026-05-21,2026-05-21,,,,,,
samsung_foundry_5lpe_5lpe_public_table_6t_h216g54_041,Samsung Foundry,5nm family,5LPE,5LPE,5LPE,5LPE public table,FinFET EUV,,HD,HD,6T / H216g54,54,216,6,,SDB,0,134.9,million transistors per mm²,MTr/mm2,"Calculated logic density uses Bohr/Intel-style standard-cell metric only; excludes SRAM, IO, analog and macro overhead.",0.0262,,6T / HD unless source says otherwise,blank: bitcell-only ideal density calculated separately; no macro overhead applied,,,,36,36,,,,,src_semiwiki_samsung_foundry_2019,3,medium,,,3,medium,3,medium,3,medium,0,missing,3,medium,Medium,src_semiwiki_samsung_foundry_2019,src_semiwiki_samsung_foundry_2019,src_en_192e97c7,src_semiwiki_samsung_foundry_2019,src_semiwiki_samsung_foundry_2019;src_en_192e97c7,Media/foundry update table,Public media/wiki-level,Media/foundry update table,SemiWiki table reports metal pitch as M3=36nm.,5LPE 标准单元高度 216nm；SRAM bitcell 来源不是 Samsung 官方，低可信。,2026-05-21,2026-05-21,,,,,,
samsung_foundry_5lpp_5lpp_sf5_public_library_not_isolated_042,Samsung Foundry,5nm family,5LPP,5LPP,5LPP,5LPP / SF5,FinFET EUV,,HD/HP TBD,HP,public library not isolated,,,,,,0,,,,No reliable public CPP+CH or reported logic density available.,0.0262,,6T / HD unless source says otherwise,blank: bitcell-only ideal density calculated separately; no macro overhead applied,,,,36,36,,,,,src_semiwiki_samsung_foundry_2019,3,medium,,,0,missing,0,missing,1,very_low,0,missing,1,very_low,Low,src_samsung_official_logic_node,src_samsung_official_logic_node,src_en_192e97c7,,src_samsung_official_logic_node;src_en_192e97c7;src_semiwiki_samsung_foundry_2019,Official qualitative only,Borrowed 5LPE-class public media,Not computed,SemiWiki table reports metal pitch as M3=36nm.,5LPP/SF5 PPA 改进公开，但库级 H×CPP 未找到可靠公开来源。,2026-05-21,2026-05-21,,,,,,
samsung_foundry_6lpp_6lpp_public_table_6_75t_h243g54_040,Samsung Foundry,7nm family,6LPP,6LPP,6LPP,6LPP public table,FinFET EUV,,HD,HD,6.75T / H243g54,54,243,6.75,,SDB,0,119.9,million transistors per mm²,MTr/mm2,"Calculated logic density uses Bohr/Intel-style standard-cell metric only; excludes SRAM, IO, analog and macro overhead.",,,,,,,,36,36,,,,,src_semiwiki_samsung_foundry_2019,3,medium,,,3,medium,3,medium,0,missing,0,missing,3,medium,Medium,src_semiwiki_samsung_foundry_2019,src_semiwiki_samsung_foundry_2019,,src_semiwiki_samsung_foundry_2019,src_semiwiki_samsung_foundry_2019,Media/foundry update table,,Media/foundry update table,SemiWiki table reports metal pitch as M3=36nm.,公开表给出 6LPP 与 7LPP 相同 H×CPP，但密度更高；真实单元库/库集可能与公式不完全一致。,2026-05-21,2026-05-21,,,,,,
samsung_foundry_7lpp_7lpp_exynos_990_observed_3_3_fin_h270g54_038,Samsung Foundry,7nm family,7LPP,7LPP,7LPP,7LPP Exynos 990 observed,FinFET EUV,Samsung 7LPP mass production 2019 era; EUV node,HP-ish product-observed,HP,3/3-fin / H270g54,54,270,,3/3-fin,SA-DB/SDB approximation,0,,,,"Calculated logic density uses Bohr/Intel-style standard-cell metric only; excludes SRAM, IO, analog and macro overhead.",0.0262,,6T / HD unless source says otherwise,blank: bitcell-only ideal density calculated separately; no macro overhead applied,,,,36,36,,,,,src_semiwiki_samsung_foundry_2019,3,medium,,,3,medium,3,medium,3,medium,0,missing,3,medium,Medium,src_techinsights_samsung_7lpp_exynos990,src_techinsights_samsung_7lpp_exynos990,src_en_730c50c6,src_techinsights_samsung_7lpp_exynos990,src_techinsights_samsung_7lpp_exynos990;src_en_730c50c6;src_semiwiki_samsung_foundry_2019,TechInsights reverse-engineering,Public media/wiki-level,Formula / derived,SemiWiki table reports metal pitch as M3=36nm.,Exynos 990 上观察到 270nm cell height 与 3/3-fin；不代表所有 7LPP 库。,2026-05-21,2026-05-21,,,,,,
samsung_foundry_7lpp_7lpp_snapdragon_765g_observed_2_2_fin_h243g54_039,Samsung Foundry,7nm family,7LPP,7LPP,7LPP,7LPP Snapdragon 765G observed,FinFET EUV,Samsung 7LPP mass production 2019 era; EUV node,HD product-observed,HD,2/2-fin / H243g54,54,243,,2/2-fin,SA-DB/SDB approximation,0,101.6,million transistors per mm²,MTr/mm2,"Calculated logic density uses Bohr/Intel-style standard-cell metric only; excludes SRAM, IO, analog and macro overhead.",0.0262,,6T / HD unless source says otherwise,blank: bitcell-only ideal density calculated separately; no macro overhead applied,,,,36,36,,,,,src_semiwiki_samsung_foundry_2019,3,medium,,,3,medium,3,medium,3,medium,0,missing,3,medium,Medium,src_techinsights_samsung_7lpp_exynos990,src_techinsights_samsung_7lpp_exynos990,src_en_730c50c6,src_techinsights_samsung_7lpp_exynos990,src_techinsights_samsung_7lpp_exynos990;src_en_730c50c6;src_semiwiki_samsung_foundry_2019,TechInsights reverse-engineering,Public media/wiki-level,Formula / derived,SemiWiki table reports metal pitch as M3=36nm.,TechInsights 对 Snapdragon 765G 报告 243nm 标准单元高度与 54nm gate pitch。,2026-05-21,2026-05-21,,,,,,
samsung_foundry_7lpp_7lpp_public_table_6_75t_h243g54_037,Samsung Foundry,7nm family,7LPP,7LPP,7LPP,7LPP public table,FinFET EUV,Samsung 7LPP mass production 2019 era; EUV node,HD-ish public table,HD,6.75T / H243g54,54,243,6.75,,SDB used for formula; source table labels DDB,0,101.6,million transistors per mm²,MTr/mm2,"Calculated logic density uses Bohr/Intel-style standard-cell metric only; excludes SRAM, IO, analog and macro overhead.",0.0262,,6T / HD unless source says otherwise,blank: bitcell-only ideal density calculated separately; no macro overhead applied,,,,36,36,,,,,src_semiwiki_samsung_foundry_2019,3,medium,,,3,medium,3,medium,3,medium,0,missing,3,medium,Medium,src_semiwiki_samsung_foundry_2019,src_semiwiki_samsung_foundry_2019,src_en_730c50c6,src_semiwiki_samsung_foundry_2019,src_semiwiki_samsung_foundry_2019;src_techinsights_samsung_7lpp_exynos990;src_en_730c50c6,Media/foundry update table,Public media/wiki-level; not official in this table,Media/foundry update table,SemiWiki table reports metal pitch as M3=36nm.,SemiWiki 表中列 DDB 但给出密度接近 SDB 公式；为密度计算使用 break_extra=0，并在此备注。,2026-05-21,2026-05-21,,,,,,
globalfoundries_12lp_12lp_std_cell_7_5t_053,GlobalFoundries,14/12 FinFET family,12LP,12LP,12LP,12LP,FinFET,,UHD / platform extension,UHD,Std Cell 7.5T,84,480,7.5,,DDB / legacy assumption,1,,,,"Calculated logic density uses Bohr/Intel-style standard-cell metric only; excludes SRAM, IO, analog and macro overhead.",,,,,,,64,,64,,,,,src_gf_official_12lp_2018,4,high,,,2,low,2,low,0,missing,0,missing,2,low,Low-Medium,src_gf_official_12lp_2018,src_gf_official_12lp_2018,src_gf_official_12lp_2018,src_gf_official_12lp_2018,src_gf_official_12lp_2018;src_wikichip_gf_12lp;src_semiwiki_3fcc35af,Official for 7.5T/M2; CPP inferred from 14LPP compatibility,Official relative only; no bitcell size found,Formula; CPP and CH partly inferred,GF official 12LP article says same 64nm M2 pitch as 14LPP.,"GF states same 64nm M2, 7.5T, 12% logic area scaling and 30% SRAM leakage reduction; no 12LP SRAM bitcell dimension found in open sources. Corrected v0.4: use 84nm CPP/poly pitch for 12LP HD 7.5T based on GF/WikiChip public sources; prior v0.3 row used 78nm inherited from 14LPP HD.",2026-05-21,2026-05-21,,,,,,
globalfoundries_12lp_12lp_autopro150_logic_cpp_84_ch_not_public_054,GlobalFoundries,14/12 FinFET family,12LP+,12LP+,12LP+,12LP+ AutoPro150,FinFET,,Automotive/HPC,HPC,logic CPP 84; CH not public,84,,,,,0,,,,No reliable public CPP+CH or reported logic density available.,,,,,,,64,,64,,,,,src_gf_official_12lp_2018,4,high,,,3,medium,0,missing,0,missing,0,missing,3,medium,Medium for CPP; Low for density,src_gf_313df65e,src_gf_313df65e,,,src_gf_313df65e;src_gf_official_12lp_2018,Official for CPP only,Not found,Not computed; CH missing,GF official 12LP article says same 64nm M2 pitch as 14LPP.,Kept as partial geometry. Density not computed because CH/cell-height was not found in open sources.,2026-05-21,2026-05-21,,,,,,
globalfoundries_14lpp_14lpp_std_cell_10_5t_052,GlobalFoundries,14/12 FinFET family,14LPP,14LPP,14LPP,14LPP,FinFET,,HP,HP,Std Cell 10.5T,78,672,10.5,,DDB / legacy assumption,1,,,,"Calculated logic density uses Bohr/Intel-style standard-cell metric only; excludes SRAM, IO, analog and macro overhead.",0.09,,6T / HD unless source says otherwise,blank: bitcell-only ideal density calculated separately; no macro overhead applied,,,64,,64,,,,,src_gf_official_12lp_2018,4,high,,,1,very_low,1,very_low,1,very_low,0,missing,1,very_low,Low,src_semiwiki_3fcc35af,src_en_a64bcb25,src_en_a64bcb25,src_en_a64bcb25,src_semiwiki_3fcc35af;src_en_a64bcb25;src_gf_official_12lp_2018,Low-medium; official track option + secondary CPP/MMP,Low-medium; node-level secondary table,Formula; CH derived,GF official 12LP article says same 64nm M2 pitch as 14LPP.,Useful for HP vs HD comparison only; exact 10.5T routing pitch/site height should be verified against GF PDK.,2026-05-21,2026-05-21,,,,,,
globalfoundries_14lpp_14lpp_std_cell_9t_051,GlobalFoundries,14/12 FinFET family,14LPP,14LPP,14LPP,14LPP,FinFET,,HD/standard,HD,Std Cell 9T,78,576,9,,DDB / legacy assumption,1,,,,"Calculated logic density uses Bohr/Intel-style standard-cell metric only; excludes SRAM, IO, analog and macro overhead.",0.09,,6T / HD unless source says otherwise,blank: bitcell-only ideal density calculated separately; no macro overhead applied,,,64,,64,,,,,src_gf_official_12lp_2018,4,high,,,2,low,2,low,2,low,0,missing,2,low,Low-Medium,src_semiwiki_3fcc35af,src_en_a64bcb25,src_en_a64bcb25,src_en_a64bcb25,src_semiwiki_3fcc35af;src_en_a64bcb25;src_gf_official_12lp_2018,Low-medium; secondary table + official product brief,Low-medium; secondary table,Formula; CH derived from track*M2 pitch,GF official 12LP article says same 64nm M2 pitch as 14LPP.,"GF 14LPP IP overview explicitly lists Std Cell 9T/10.5T; CPP/M1/SRAM from secondary table. CH=9*64 is a derived estimate, not foundry PDK.",2026-05-21,2026-05-21,,,,,,
globalfoundries_22fdx_22fdx_12t_104cpp_12t_high_speed_library_056,GlobalFoundries,22FDX family,22FDX,22FDX,22FDX,22FDX 12T_104CPP,Planar FD-SOI,,HP / high-speed,HP,12T high-speed library,104,960,12,,DDB / planar/legacy assumption,1,,,,"Calculated logic density uses Bohr/Intel-style standard-cell metric only; excludes SRAM, IO, analog and macro overhead.",0.124,,6T / HD unless source says otherwise,blank: bitcell-only ideal density calculated separately; no macro overhead applied,,,,,,80,10M_2Mx_6Cx_2Ix_LB / 11 layer thesis notation,RF BEOL with ultra-thick metal options; M1/M2 coloring noted in thesis,,src_unipd_gf22fdx_pdk_thesis,3,medium,,,2,low,2,low,2,low,0,missing,2,low,Low-Medium,src_gf_1de18a3f,src_upc_gf22fdx_thesis,src_vlsi2017_gf22fdx_sram,src_unipd_gf22fdx_pdk_thesis,src_gf_1de18a3f;src_vlsi2017_gf22fdx_sram;src_unipd_gf22fdx_pdk_thesis;src_upc_gf22fdx_thesis,Academic thesis + derived CH,VLSI program high-current bitcell,Formula; CH derived from 80nm track grid,,"12T CH is derived from the 80nm horizontal pin grid, not directly quoted.",2026-05-21,2026-05-21,,,,,,
globalfoundries_22fdx_22fdx_sc8t_104cpp_gf22fdx_sc8t_104cpp_base_055,GlobalFoundries,22FDX family,22FDX,22FDX,22FDX,22FDX SC8T_104CPP,Planar FD-SOI,,HD / base,HD,GF22FDX_SC8T_104CPP_BASE,104,640,,,DDB / planar/legacy assumption,1,,,,"Calculated logic density uses Bohr/Intel-style standard-cell metric only; excludes SRAM, IO, analog and macro overhead.",0.11,,6T / HD unless source says otherwise,blank: bitcell-only ideal density calculated separately; no macro overhead applied,,,,,,80,10M_2Mx_6Cx_2Ix_LB / 11 layer thesis notation,RF BEOL with ultra-thick metal options; M1/M2 coloring noted in thesis,,src_unipd_gf22fdx_pdk_thesis,3,medium,,,3,medium,3,medium,3,medium,0,missing,3,medium,Medium,src_gf_1de18a3f,src_unipd_gf22fdx_pdk_thesis,src_vlsi2017_gf22fdx_sram,src_unipd_gf22fdx_pdk_thesis,src_gf_1de18a3f;src_vlsi2017_gf22fdx_sram;src_unipd_gf22fdx_pdk_thesis,Academic thesis citing GF 22FDX library,VLSI program / GF brief,Formula from published CPP/CH,,Best open GF 22FDX CPP+CH pair found. Thesis names exact library and table of physical specs.,2026-05-21,2026-05-21,,,,,,
globalfoundries_22fdx_22fdx_ulp_ref_flow_7_5t_116cpp_physical_setup_057,GlobalFoundries,22FDX family,22FDX,22FDX,22FDX,22FDX ULP ref flow,Planar FD-SOI,,ULP,HD,7.5T / 116CPP physical setup,116,600,7.5,,DDB / planar/legacy assumption,1,,,,"Calculated logic density uses Bohr/Intel-style standard-cell metric only; excludes SRAM, IO, analog and macro overhead.",0.11,,6T / HD unless source says otherwise,blank: bitcell-only ideal density calculated separately; no macro overhead applied,,,,,,80,10M_2Mx_6Cx_2Ix_LB / 11 layer thesis notation,RF BEOL with ultra-thick metal options; M1/M2 coloring noted in thesis,,src_unipd_gf22fdx_pdk_thesis,3,medium,,,2,low,2,low,2,low,0,missing,2,low,Low-Medium,src_gf_1de18a3f,src_ims_45beb8a7,src_vlsi2017_gf22fdx_sram,src_ims_45beb8a7,src_gf_1de18a3f;src_vlsi2017_gf22fdx_sram;src_ims_45beb8a7;src_unipd_gf22fdx_pdk_thesis,Official GF slide for 7.5T/116CPP; CH derived,VLSI program / GF brief node-level HD,Formula; CH derived,,"Slide provides track and CPP, not literal CH. Density uses 80nm track grid from the 8T_104CPP physical spec.",2026-05-21,2026-05-21,,,,,,
globalfoundries_22fdx_racyics_rilib_gf22fdx_8t_116cpp_8t_cnrx_058,GlobalFoundries,22FDX family,22FDX,22FDX,22FDX,Racyics rilib_gf22fdx_8t,Planar FD-SOI,,ULV / dense,HD,116CPP 8T CNRX,116,640,8,,DDB / planar/legacy assumption,1,,,,"Calculated logic density uses Bohr/Intel-style standard-cell metric only; excludes SRAM, IO, analog and macro overhead.",0.11,,6T / HD unless source says otherwise,blank: bitcell-only ideal density calculated separately; no macro overhead applied,,,,,,80,10M_2Mx_6Cx_2Ix_LB / 11 layer thesis notation,RF BEOL with ultra-thick metal options; M1/M2 coloring noted in thesis,,src_unipd_gf22fdx_pdk_thesis,3,medium,,,2,low,2,low,2,low,0,missing,2,low,Low-Medium,src_gf_1de18a3f,src_racyics_gf22fdx_cells_2025,src_vlsi2017_gf22fdx_sram,src_racyics_gf22fdx_cells_2025,src_gf_1de18a3f;src_vlsi2017_gf22fdx_sram;src_racyics_gf22fdx_cells_2025;src_unipd_gf22fdx_pdk_thesis,Third-party IP flyer + derived CH,VLSI program / GF brief node-level HD,Formula; CH derived,,Racyics provides CPP/track but not CH; CH derived using 22FDX 80nm grid.,2026-05-21,2026-05-21,,,,,,
globalfoundries_22fdx_racyics_rilib_gf22fdx_9t_116cpp_9t_cnrx_automotive_059,GlobalFoundries,22FDX family,22FDX,22FDX,22FDX,Racyics rilib_gf22fdx_9t,Planar FD-SOI,,Automotive / robust,generic/unspecified,116CPP 9T CNRX automotive,116,720,9,,DDB / planar/legacy assumption,1,,,,"Calculated logic density uses Bohr/Intel-style standard-cell metric only; excludes SRAM, IO, analog and macro overhead.",0.11,,6T / HD unless source says otherwise,blank: bitcell-only ideal density calculated separately; no macro overhead applied,,,,,,80,10M_2Mx_6Cx_2Ix_LB / 11 layer thesis notation,RF BEOL with ultra-thick metal options; M1/M2 coloring noted in thesis,,src_unipd_gf22fdx_pdk_thesis,3,medium,,,2,low,2,low,2,low,0,missing,2,low,Low-Medium,src_gf_1de18a3f,src_racyics_gf22fdx_cells_2025,src_vlsi2017_gf22fdx_sram,src_racyics_gf22fdx_cells_2025,src_gf_1de18a3f;src_vlsi2017_gf22fdx_sram;src_racyics_gf22fdx_cells_2025;src_unipd_gf22fdx_pdk_thesis,Third-party IP flyer + derived CH,VLSI program / GF brief node-level HD,Formula; CH derived,,"Automotive-grade library; SRAM value is node-level HD bitcell, not tied to this 9T library.",2026-05-21,2026-05-21,,,,,,
umc_14nm_14nm_finfet_generic_foundation_ip_064,UMC,14nm family,14nm,14nm,14nm,14nm FinFET,FinFET,,FinFET / mature,generic/balanced,generic foundation IP,,,,,,0,,,,No reliable public CPP+CH or reported logic density available.,,,,,,,,,,,,,,,0,missing,,,0,missing,0,missing,0,missing,0,missing,1,very_low,Low for density,src_umc_official_14nm,src_umc_official_14nm,,,src_umc_official_14nm,Official relative only,Not found,Not computed; CPP/CH missing,,No reliable public CPP+CH pair found; kept as explicit blank rather than inferring from other 14nm nodes.,2026-05-21,2026-05-21,,,,,,
umc_22nm_22ulp_22ull_synopsys_faraday_foundation_ip_063,UMC,22nm family,22nm,22nm,22nm,22ULP/22ULL,Planar HKMG,,Low-power / specialty,generic/unspecified,Synopsys/Faraday foundation IP,,,,,,0,,,,No reliable public CPP+CH or reported logic density available.,,,,,,,,,,,,,,,0,missing,,,0,missing,0,missing,0,missing,0,missing,1,very_low,Low for density,src_umc_8c5da999,src_umc_8c5da999,,,src_umc_8c5da999,Official relative only,Not found,Not computed; CPP/CH missing,,"UMC official info gives readiness/porting/relative area, but no public CGP or CH.",2026-05-21,2026-05-21,,,,,,
umc_28nm_28hlp_hpc_hpm_d_r_ip_listing_7_track_9_track_12_track_product_entries_cpp_ch_not_070,UMC,28nm family,28nm,28nm,28nm,28HLP/HPC/HPM D&R IP listing,Planar CMOS / HKMG,,Mature planar,generic/unspecified,7-track / 9-track / 12-track product entries; CPP/CH not public,,,7,,,0,,,,No reliable public CPP+CH or reported logic density available.,,,,,,,,,,,,,,src_faraday_designreuse_umc28_2012,1,very_low,,,3,medium,0,missing,0,missing,0,missing,3,medium,Medium for track; no density,src_designreuse_umc_ip_search,src_designreuse_umc_ip_search,,,src_designreuse_umc_ip_search;src_faraday_designreuse_umc28_2012,Third-party IP/aggregator,,Not computed,Track class known from third-party IP; exact metal pitch/CH not public in free source.,"D&R IP search results list UMC 28nm HLP/RVT 7-track, 9-track and 12-track libraries; exact CPP/CH gated or not public.",2026-05-21,2026-05-21,,,,,,
umc_28nm_28hpm_hlp_hpc_faraday_12_track_uhs_lib_062,UMC,28nm family,28nm,28nm,28nm,28HPM/HLP/HPC,Planar HKMG / SiON,,UHS / high-speed,generic/unspecified,Faraday 12-track UHS-Lib,,,12,,,0,,,,No reliable public CPP+CH or reported logic density available.,,,,,,,,,,,,,,src_faraday_designreuse_umc28_2012,1,very_low,,,3,medium,0,missing,0,missing,0,missing,3,medium,Medium for track; no density,src_faraday_designreuse_umc28_2012,src_faraday_designreuse_umc28_2012,,,src_faraday_designreuse_umc28_2012;src_design_reuse_51599b56,Third-party IP track info only,Not found,Not computed; CPP/CH missing,Track class known from third-party IP; exact metal pitch/CH not public in free source.,No credible CPP+CH pair found in public sources searched.,2026-05-21,2026-05-21,,,,,,
umc_28nm_28hpm_hlp_hpc_faraday_7_track_minilib_060,UMC,28nm family,28nm,28nm,28nm,28HPM/HLP/HPC,Planar HKMG / SiON,,MiniLib / area,HD,Faraday 7-track miniLib,,,7,,,0,,,,No reliable public CPP+CH or reported logic density available.,,,,,,,,,,,,,,src_faraday_designreuse_umc28_2012,1,very_low,,,3,medium,0,missing,0,missing,0,missing,3,medium,Medium for track; no density,src_faraday_designreuse_umc28_2012,src_faraday_designreuse_umc28_2012,,,src_faraday_designreuse_umc28_2012;src_design_reuse_51599b56,Third-party IP track info only,Not found,Not computed; CPP/CH missing,Track class known from third-party IP; exact metal pitch/CH not public in free source.,Faraday says miniLib reduces die size by about 20% while preserving routability; no CGP/CH in open page.,2026-05-21,2026-05-21,,,,,,
umc_28nm_28hpm_hlp_hpc_faraday_d_r_9_track_generic_061,UMC,28nm family,28nm,28nm,28nm,28HPM/HLP/HPC,Planar HKMG / SiON,,Generic / standard,generic/balanced,Faraday / D&R 9-track generic,,,9,,,0,,,,No reliable public CPP+CH or reported logic density available.,,,,,,,,,,,,,,src_faraday_designreuse_umc28_2012,1,very_low,,,3,medium,0,missing,0,missing,0,missing,3,medium,Medium for track; no density,src_faraday_designreuse_umc28_2012,src_faraday_designreuse_umc28_2012,,,src_faraday_designreuse_umc28_2012;src_design_reuse_51599b56,Third-party IP track info only,Not found,Not computed; CPP/CH missing,Track class known from third-party IP; exact metal pitch/CH not public in free source.,"Track count is included because it is relevant to CH, but without metal track pitch or site height no density is computed.",2026-05-21,2026-05-21,,,,,,
smic_14nm_14nm_generic_logic_065,SMIC,14/12 FinFET family,14nm,14nm,14nm,14nm,FinFET,,mature FinFET,generic/balanced,generic logic,,,,,,0,,,,No reliable public CPP+CH or reported logic density available.,,,,,,,,,,,,,,,0,missing,,,0,missing,0,missing,0,missing,0,missing,1,very_low,Low,src_manual_unknown_prior_v03,src_manual_unknown_prior_v03,,,src_manual_unknown_prior_v03,Not found,Not found,Not computed; CPP/CH missing,,Public sources mostly cover availability and relative claims; no usable CPP+CH found.,2026-05-21,2026-05-21,,,,,,
smic_n_1_n_1_early_7nm_class_hd_066,SMIC,N+ family,N+1,N+1,N+1,N+1 early 7nm-class,FinFET,,DUV multi-patterned FinFET,HD,HD?,,,,,,0,89,million transistors per mm²,MTr/mm2,"Calculated logic density uses Bohr/Intel-style standard-cell metric only; excludes SRAM, IO, analog and macro overhead.",,,,,,,,,,,,,,,0,missing,,,0,missing,1,very_low,0,missing,0,missing,1,very_low,Low,src_en_730c50c6,src_en_730c50c6,,src_en_730c50c6,src_en_730c50c6,Secondary table / public media only,Not found,Secondary reported density only,,No public CPP+CH pair; reported density from secondary 7nm-process table.,2026-05-21,2026-05-21,,,,,,
smic_n_2_n_2_7nm_class_techinsights_confirmed_geometry_not_in_free_ti_page_measurement_cat_071,SMIC,N+ family,N+2,N+2,N+2,N+2 / 7nm-class TechInsights-confirmed,FinFET,,HD,HD,geometry not in free TI page; measurement categories confirmed,,,,,,0,,,,No reliable public CPP+CH or reported logic density available.,,,,,42,42,42,,42,,,,,src_golem_smic_n3_2025,2,low,,,0,missing,0,missing,0,missing,0,missing,1,very_low,Medium for node confirmation; no free exact geometry,src_semiwiki_techinsights_smic_n2_2022,src_techinsights_6b7047cb,,,src_semiwiki_techinsights_smic_n2_2022;src_techinsights_6b7047cb;src_golem_smic_n3_2025,Teardown free summary,,Not computed,Secondary article quoting N+2 comparison table.,"TechInsights free summaries confirm Kirin 9000S/SMIC N+2 and that logic gate pitch, fin pitch and BEOL pitches were measured, but free article does not disclose exact values.",2026-05-21,2026-05-21,,,,,,
smic_n_2_n_2_7nm_class_secondary_table_g63h250_secondary_table_forum_g63h252_conflict_note_067,SMIC,N+ family,N+2,N+2,N+2,N+2 / 7nm-class secondary table,FinFET,,HD / inferred,HD,G63H250 secondary table; forum G63H252 conflict noted,63,250,,,SDB/CPODE approximation,0,93,million transistors per mm²,MTr/mm2,"Calculated logic density uses Bohr/Intel-style standard-cell metric only; excludes SRAM, IO, analog and macro overhead.",0.0315,,6T / HD unless source says otherwise,blank: bitcell-only ideal density calculated separately; no macro overhead applied,42,42,42,,42,,,,,src_golem_smic_n3_2025,2,low,,,1,very_low,1,very_low,1,very_low,0,missing,1,very_low,Low,src_golem_smic_n3_2025,src_golem_smic_n3_2025,src_en_730c50c6,src_golem_smic_n3_2025,src_golem_smic_n3_2025;src_en_730c50c6;src_semiwiki_forum_smic_n3_2025,Media quoting teardown + social/forum conflict,Secondary table,Forum quoted + formula,Secondary article quoting N+2 comparison table.,This is not directly visible in the free TechInsights article; marked social/forum-derived. Formula should land close to quoted 93 MTr/mm². v0.4 uses 250nm CH from secondary table; forum shorthand G63H252 is retained in note and low confidence.,2026-05-21,2026-05-21,,,,,,
smic_n_3_n_3_kirin_9030_g57h228_6t_forum_lead_068,SMIC,N+ family,N+3,N+3,N+3,N+3 / Kirin 9030,FinFET,,HD / inferred,HD,G57H228 6T forum lead,57,228,6,,SDB/CPODE approximation,0,120,million transistors per mm²,MTr/mm2,"Calculated logic density uses Bohr/Intel-style standard-cell metric only; excludes SRAM, IO, analog and macro overhead.",0.026,,6T / HD unless source says otherwise,blank: bitcell-only ideal density calculated separately; no macro overhead applied,30,38,38,,30,,,,,src_golem_smic_n3_2025,2,low,,,1,very_low,1,very_low,1,very_low,0,missing,1,very_low,Low,src_techinsights_smic_n3_2025,src_golem_smic_n3_2025,src_en_192e97c7,src_golem_smic_n3_2025,src_techinsights_smic_n3_2025;src_golem_smic_n3_2025;src_en_192e97c7;src_semiwiki_forum_smic_n3_2025,Media quoting teardown + social/forum lead,Secondary table,Media quoting teardown + social/forum lead,Secondary article quoting TechInsights-like table; paid primary measurements not free.,Forum-derived G57H228 gives about 113 MTr/mm² by the same formula; 5nm-process secondary table lists 120 MTr/mm². Both retained to show discrepancy.,2026-05-21,2026-05-21,,,,,,
smic_n_3_n_3_kirin_9030_secondary_table_n_3_069,SMIC,N+ family,N+3,N+3,N+3,N+3 / Kirin 9030,FinFET,,Reported density only,generic/unspecified,secondary table N+3,57,,,,,0,120,million transistors per mm²,MTr/mm2,"Calculated logic density uses Bohr/Intel-style standard-cell metric only; excludes SRAM, IO, analog and macro overhead.",0.026,,6T / HD unless source says otherwise,blank: bitcell-only ideal density calculated separately; no macro overhead applied,30,38,38,,30,,,,,src_golem_smic_n3_2025,2,low,,,1,very_low,1,very_low,1,very_low,0,missing,1,very_low,Low,src_techinsights_smic_n3_2025,src_en_192e97c7,src_en_192e97c7,src_en_192e97c7,src_techinsights_smic_n3_2025;src_en_192e97c7;src_golem_smic_n3_2025,Secondary table + TechInsights N+3 confirmation,Secondary table,Secondary table,Secondary article quoting TechInsights-like table; paid primary measurements not free.,Kept as separate row from G57H228 because CH is not in the secondary table.,2026-05-21,2026-05-21,,,,,,
rapidus_2hp_hd_h138g45_leaked_075,Rapidus,2HP family,2HP,2HP,Rapidus 2HP,2HP HD H138G45 leaked,GAA / nanosheet,"Official target: PDK Q1 2026, mass production 2027; H138G45 geometry is media/social leak",HD / H138G45 leaked,HD,HD / H138G45,45,138,,2nm GAA; sheet/ribbon geometry not public,breakless/SDB-like formula assumption,0,237.31,Bohr-style HD standard-cell density from H138G45 leak,bohr_standard_cell_density,Low-confidence media/social leak. G45 interpreted as CPP/CGP-like gate pitch and H138 as nm cell height for HxG comparison.,,,,No public Rapidus SRAM bitcell or macro density found.,,,,,,,,,EUV confirmed for 2nm GAA prototyping; layer count not public,src_rapidus_official_2nm_gaa_2025,1,architecture-only,Density report says Rapidus is comparable to TSMC N2 in HD density; official Rapidus positions single-wafer processing/short cycle-time rather than PPA details.,Rapidus mentions 3D packaging/cycle-time service context; specific 2HP package compatibility not public.,2,low-leak/media,2,low-leak/media,0,not-public,0,not-collected,2,low,Geometry/density from Wccftech/TrendForce citing X; timing/architecture from official Rapidus.,src_rapidus_official_2nm_gaa_2025,src_wccftech_rapidus_2hp_density_2025,,src_trendforce_rapidus_2hp_density_2025,src_rapidus_official_2nm_gaa_2025;src_wccftech_rapidus_2hp_density_2025;src_trendforce_rapidus_2hp_density_2025,media/social leak,not-public,media/social leak,Official Rapidus confirms EUV for 2nm GAA but not pitch/metal stack.,"v0.4.2 added Rapidus HD H138G45 comparison row. Treat as low-confidence leaked geometry, not official PDK.",2026-05-29,2026-05-29,,No public SRAM macro/array density found.,,0,,new low-confidence Rapidus 2HP HD H138G45 comparison row.
rapidus_2hp_official_2nm_gaa_generic_074,Rapidus,2HP family,2HP,2HP,Rapidus 2HP,2HP official generic,GAA / nanosheet,PDK to advance customers by Q1 2026; mass production target 2027,official generic / geometry not disclosed,generic/balanced,official 2nm GAA prototyping; no public CPP/CH,,,,2nm GAA transistors; sheet/ribbon geometry not public,,0,,official source does not disclose density,not_disclosed,"Official Rapidus source confirms process/prototyping/timeline, not library geometry.",,,,,,,,,,,,,,,0,not-public,Rapidus emphasizes fully single-wafer front-end processing and rapid cycle-time model; no official PPA geometry disclosed.,Rapidus mentions shortening cycle times in wafer processes and 3D packaging in corporate positioning.,0,not-public,0,not-public,0,not-public,0,not-collected,3,official-node-timing-only,Official timing/process-architecture information only; no public CPP/CH/SRAM.,src_rapidus_official_2nm_gaa_2025,,,,src_rapidus_official_2nm_gaa_2025,not-public,not-public,not-public,No public BEOL stack/pitch data found for Rapidus 2HP.,v0.4.2 added Rapidus official generic row. Do not use for density calculation.,2026-05-29,2026-05-29,,,,0,,"new official Rapidus 2HP row, no geometry."
