check_id,severity,record_id,foundry,process_family,variant_node,issue_type,issue_detail,suggested_action
DQ0001,warning,tsmc_n28_28hpm_hpc_generic_logic_001,TSMC,N28 family,28HPM/HPC,review_required,missing_cpp_ch_and_reported_density;sram_bitcell_only_no_real_macro_density,review source basis/confidence before using in published comparison
DQ0002,warning,tsmc_n16_12_16ff_16ffc_12ffc_generic_hd_002,TSMC,N16/N12 family,16FF/16FFC/12FFC,review_required,sram_bitcell_only_no_real_macro_density,review source basis/confidence before using in published comparison
DQ0003,warning,tsmc_n7_n7_hd_6t_2_fin_h240g57_003,TSMC,N7 family,N7 HD,review_required,sram_bitcell_only_no_real_macro_density,review source basis/confidence before using in published comparison
DQ0004,warning,tsmc_n7_n7_hp_3_fin_h300g64_004,TSMC,N7 family,N7 HP,review_required,sram_bitcell_only_no_real_macro_density,review source basis/confidence before using in published comparison
DQ0005,info,tsmc_n7p_n7p_hd_assumed_n7_compatible_hd_geometry_005,TSMC,N7 family,N7P HD,review_required,sram_bitcell_only_no_real_macro_density;low_confidence_geometry_used_for_density,review source basis/confidence before using in published comparison
DQ0006,warning,tsmc_n7_n7_euv_hd_like_public_relative_only_006,TSMC,N7 family,N7+ EUV,review_required,missing_cpp_ch_and_reported_density,review source basis/confidence before using in published comparison
DQ0007,info,tsmc_n6_n6_hd_n7_compatible_smaller_standard_cell_library_cpode_style_007,TSMC,N7 family,N6 HD,review_required,low_confidence_geometry_used_for_density,review source basis/confidence before using in published comparison
DQ0008,info,tsmc_n5p_n5p_hd_n5_compatible_process_optimization_010,TSMC,N5/N4 family,N5P HD,review_required,low_confidence_geometry_used_for_density,review source basis/confidence before using in published comparison
DQ0009,info,tsmc_n4p_n4p_hd_assumed_n4_compatible_hd_geometry_013,TSMC,N5/N4 family,N4P HD,review_required,low_confidence_geometry_used_for_density,review source basis/confidence before using in published comparison
DQ0010,warning,tsmc_n4x_n4x_hpc_hpc_beol_stack_optimized_library_not_public_014,TSMC,N5/N4 family,N4X HPC,review_required,missing_cpp_ch_and_reported_density,review source basis/confidence before using in published comparison
DQ0011,warning,tsmc_n4c_n4c_cost_optimized_cost_optimized_public_library_not_found_015,TSMC,N5/N4 family,N4C cost-optimized,review_required,missing_cpp_ch_and_reported_density,review source basis/confidence before using in published comparison
DQ0012,warning,tsmc_n3b_n3b_hd_initial_n3_hd_finfet_016,TSMC,N3 family,N3B HD,review_required,missing_cpp_ch_and_reported_density,review source basis/confidence before using in published comparison
DQ0013,info,tsmc_n3e_n3e_2_2_finflex_6_5t_hp_uhd_48nm_poly_option_018,TSMC,N3 family,N3E 2-2 FinFlex,review_required,low_confidence_geometry_used_for_density,review source basis/confidence before using in published comparison
DQ0014,info,tsmc_n3e_n3e_3_2_finflex_7_5t_uhp_hd_54nm_poly_019,TSMC,N3 family,N3E 3-2 FinFlex,review_required,low_confidence_geometry_used_for_density,review source basis/confidence before using in published comparison
DQ0015,warning,tsmc_n3p_n3p_finfet_ppa_optimized_library_not_public_020,TSMC,N3 family,N3P,review_required,sram_bitcell_only_no_real_macro_density,review source basis/confidence before using in published comparison
DQ0016,info,tsmc_n2_n2_1st_gen_nanosheet_standard_cell_geometry_not_public_022,TSMC,N2 family,N2 official generic,review_required,missing_cpp_ch_and_reported_density;official_geometry_missing;previous_313_density_removed_from_compact,review source basis/confidence before using in published comparison
DQ0017,warning,tsmc_n2p_n2p_nanosheet_extension_standard_cell_geometry_not_public_023,TSMC,N2 family,N2P,review_required,missing_cpp_ch_and_reported_density,review source basis/confidence before using in published comparison
DQ0018,warning,tsmc_a16_a16_nanosheet_super_power_rail_geometry_not_public_024,TSMC,A16 family,A16,review_required,missing_cpp_ch_and_reported_density,review source basis/confidence before using in published comparison
DQ0019,warning,intel_foundry_intel_14nm_14nm_14nm_7_67t_dense_logic_025,Intel Foundry,Intel 14 family,14nm / 14nm+,review_required,calc_vs_reported_density_delta_18%;sram_bitcell_only_no_real_macro_density;low_confidence_geometry_used_for_density,review source basis/confidence before using in published comparison
DQ0020,warning,intel_foundry_intel_10nm_intel_10nm_hd_h272g54_class_026,Intel Foundry,Intel 10 / Intel 7 family,Intel 10nm HD,review_required,sram_bitcell_only_no_real_macro_density,review source basis/confidence before using in published comparison
DQ0021,info,intel_foundry_intel_7_intel_7_dense_library_available_h272g54_dense_cell_not_necessarily_u_028,Intel Foundry,Intel 10 / Intel 7 family,Intel 7 dense library available,review_required,low_confidence_geometry_used_for_density,review source basis/confidence before using in published comparison
DQ0022,warning,intel_foundry_intel_18a_18a_hp_180ch_hp_library_032,Intel Foundry,Intel 18A family,18A HP,review_required,sram_bitcell_only_no_real_macro_density,review source basis/confidence before using in published comparison
DQ0023,warning,intel_foundry_intel_18a_p_18a_p_performance_extension_geometry_not_public_034,Intel Foundry,Intel 18A family,18A-P,review_required,missing_cpp_ch_and_reported_density,review source basis/confidence before using in published comparison
DQ0024,warning,intel_foundry_intel_14a_14a_14a_e_next_gen_ribbonfet_powervia_geometry_not_public_035,Intel Foundry,Intel 14A family,14A / 14A-E,review_required,missing_cpp_ch_and_reported_density,review source basis/confidence before using in published comparison
DQ0025,warning,samsung_foundry_14lpe_14lpp_14lpp_generic_logic_036,Samsung Foundry,14nm family,14LPP,review_required,missing_cpp_ch_and_reported_density,review source basis/confidence before using in published comparison
DQ0026,warning,samsung_foundry_7lpp_7lpp_public_table_6_75t_h243g54_037,Samsung Foundry,7nm family,7LPP public table,review_required,sram_bitcell_only_no_real_macro_density,review source basis/confidence before using in published comparison
DQ0027,warning,samsung_foundry_7lpp_7lpp_exynos_990_observed_3_3_fin_h270g54_038,Samsung Foundry,7nm family,7LPP Exynos 990 observed,review_required,sram_bitcell_only_no_real_macro_density,review source basis/confidence before using in published comparison
DQ0028,warning,samsung_foundry_7lpp_7lpp_snapdragon_765g_observed_2_2_fin_h243g54_039,Samsung Foundry,7nm family,7LPP Snapdragon 765G observed,review_required,sram_bitcell_only_no_real_macro_density,review source basis/confidence before using in published comparison
DQ0029,warning,samsung_foundry_5lpe_5lpe_public_table_6t_h216g54_041,Samsung Foundry,5nm family,5LPE public table,review_required,sram_bitcell_only_no_real_macro_density,review source basis/confidence before using in published comparison
DQ0030,warning,samsung_foundry_5lpp_5lpp_sf5_public_library_not_isolated_042,Samsung Foundry,5nm family,5LPP / SF5,review_required,missing_cpp_ch_and_reported_density;sram_bitcell_only_no_real_macro_density,review source basis/confidence before using in published comparison
DQ0031,warning,samsung_foundry_4lpe_sf4e_4lpe_public_table_6_25t_h200g54_043,Samsung Foundry,4nm family,4LPE public table,review_required,sram_bitcell_only_no_real_macro_density,review source basis/confidence before using in published comparison
DQ0032,info,samsung_foundry_sf4_sf4_hdc_media_estimate_hdc_library_bitcell_estimate_044,Samsung Foundry,4nm family,SF4 HDC media estimate,review_required,sram_bitcell_only_no_real_macro_density;low_confidence_geometry_used_for_density,review source basis/confidence before using in published comparison
DQ0033,warning,samsung_foundry_sf4p_sf4p_public_geometry_not_isolated_045,Samsung Foundry,4nm family,SF4P,review_required,missing_cpp_ch_and_reported_density,review source basis/confidence before using in published comparison
DQ0034,warning,samsung_foundry_sf4x_sf4x_hpc_beol_optimized_geometry_not_public_046,Samsung Foundry,4nm family,SF4X,review_required,missing_cpp_ch_and_reported_density,review source basis/confidence before using in published comparison
DQ0035,warning,samsung_foundry_sf3_3gap_sf3_2nd_gen_mbcfet_public_geometry_not_disclosed_048,Samsung Foundry,3nm family,SF3 2nd-gen MBCFET,review_required,sram_bitcell_only_no_real_macro_density,review source basis/confidence before using in published comparison
DQ0036,warning,samsung_foundry_sf2p_sf2p_hpc_extension_geometry_not_public_050,Samsung Foundry,2nm family,SF2P,review_required,missing_cpp_ch_and_reported_density,review source basis/confidence before using in published comparison
DQ0037,info,globalfoundries_14lpp_14lpp_std_cell_9t_051,GlobalFoundries,14/12 FinFET family,14LPP,review_required,sram_bitcell_only_no_real_macro_density;low_confidence_geometry_used_for_density,review source basis/confidence before using in published comparison
DQ0038,info,globalfoundries_14lpp_14lpp_std_cell_10_5t_052,GlobalFoundries,14/12 FinFET family,14LPP,review_required,sram_bitcell_only_no_real_macro_density;low_confidence_geometry_used_for_density,review source basis/confidence before using in published comparison
DQ0039,info,globalfoundries_12lp_12lp_std_cell_7_5t_053,GlobalFoundries,14/12 FinFET family,12LP,review_required,low_confidence_geometry_used_for_density,review source basis/confidence before using in published comparison
DQ0040,warning,globalfoundries_12lp_12lp_autopro150_logic_cpp_84_ch_not_public_054,GlobalFoundries,14/12 FinFET family,12LP+ AutoPro150,review_required,missing_cpp_ch_and_reported_density,review source basis/confidence before using in published comparison
DQ0041,warning,globalfoundries_22fdx_22fdx_sc8t_104cpp_gf22fdx_sc8t_104cpp_base_055,GlobalFoundries,22FDX family,22FDX SC8T_104CPP,review_required,sram_bitcell_only_no_real_macro_density,review source basis/confidence before using in published comparison
DQ0042,info,globalfoundries_22fdx_22fdx_12t_104cpp_12t_high_speed_library_056,GlobalFoundries,22FDX family,22FDX 12T_104CPP,review_required,sram_bitcell_only_no_real_macro_density;low_confidence_geometry_used_for_density,review source basis/confidence before using in published comparison
DQ0043,info,globalfoundries_22fdx_22fdx_ulp_ref_flow_7_5t_116cpp_physical_setup_057,GlobalFoundries,22FDX family,22FDX ULP ref flow,review_required,sram_bitcell_only_no_real_macro_density;low_confidence_geometry_used_for_density,review source basis/confidence before using in published comparison
DQ0044,info,globalfoundries_22fdx_racyics_rilib_gf22fdx_8t_116cpp_8t_cnrx_058,GlobalFoundries,22FDX family,Racyics rilib_gf22fdx_8t,review_required,sram_bitcell_only_no_real_macro_density;low_confidence_geometry_used_for_density,review source basis/confidence before using in published comparison
DQ0045,info,globalfoundries_22fdx_racyics_rilib_gf22fdx_9t_116cpp_9t_cnrx_automotive_059,GlobalFoundries,22FDX family,Racyics rilib_gf22fdx_9t,review_required,sram_bitcell_only_no_real_macro_density;low_confidence_geometry_used_for_density,review source basis/confidence before using in published comparison
DQ0046,warning,umc_28nm_28hpm_hlp_hpc_faraday_7_track_minilib_060,UMC,28nm family,28HPM/HLP/HPC,review_required,missing_cpp_ch_and_reported_density,review source basis/confidence before using in published comparison
DQ0047,warning,umc_28nm_28hpm_hlp_hpc_faraday_d_r_9_track_generic_061,UMC,28nm family,28HPM/HLP/HPC,review_required,missing_cpp_ch_and_reported_density,review source basis/confidence before using in published comparison
DQ0048,warning,umc_28nm_28hpm_hlp_hpc_faraday_12_track_uhs_lib_062,UMC,28nm family,28HPM/HLP/HPC,review_required,missing_cpp_ch_and_reported_density,review source basis/confidence before using in published comparison
DQ0049,warning,umc_22nm_22ulp_22ull_synopsys_faraday_foundation_ip_063,UMC,22nm family,22ULP/22ULL,review_required,missing_cpp_ch_and_reported_density,review source basis/confidence before using in published comparison
DQ0050,warning,umc_14nm_14nm_finfet_generic_foundation_ip_064,UMC,14nm family,14nm FinFET,review_required,missing_cpp_ch_and_reported_density,review source basis/confidence before using in published comparison
DQ0051,warning,smic_14nm_14nm_generic_logic_065,SMIC,14/12 FinFET family,14nm,review_required,missing_cpp_ch_and_reported_density,review source basis/confidence before using in published comparison
DQ0052,info,smic_n_2_n_2_7nm_class_secondary_table_g63h250_secondary_table_forum_g63h252_conflict_note_067,SMIC,N+ family,N+2 / 7nm-class secondary table,review_required,sram_bitcell_only_no_real_macro_density;low_confidence_geometry_used_for_density,review source basis/confidence before using in published comparison
DQ0053,info,smic_n_3_n_3_kirin_9030_g57h228_6t_forum_lead_068,SMIC,N+ family,N+3 / Kirin 9030,review_required,sram_bitcell_only_no_real_macro_density;low_confidence_geometry_used_for_density,review source basis/confidence before using in published comparison
DQ0054,warning,smic_n_3_n_3_kirin_9030_secondary_table_n_3_069,SMIC,N+ family,N+3 / Kirin 9030,review_required,sram_bitcell_only_no_real_macro_density,review source basis/confidence before using in published comparison
DQ0055,warning,umc_28nm_28hlp_hpc_hpm_d_r_ip_listing_7_track_9_track_12_track_product_entries_cpp_ch_not_070,UMC,28nm family,28HLP/HPC/HPM D&R IP listing,review_required,missing_cpp_ch_and_reported_density,review source basis/confidence before using in published comparison
DQ0056,warning,smic_n_2_n_2_7nm_class_techinsights_confirmed_geometry_not_in_free_ti_page_measurement_cat_071,SMIC,N+ family,N+2 / 7nm-class TechInsights-confirmed,review_required,missing_cpp_ch_and_reported_density,review source basis/confidence before using in published comparison
DQ0057,info,tsmc_n2_n2_hd_h130g48_leaked_073,TSMC,N2 family,N2 HD H130G48 leaked,review_required,low_confidence_geometry_used_for_density,review source basis/confidence before using in published comparison
DQ0058,warning,rapidus_2hp_official_2nm_gaa_generic_074,Rapidus,2HP family,2HP official generic,review_required,missing_cpp_ch_and_reported_density,review source basis/confidence before using in published comparison
DQ0059,info,rapidus_2hp_hd_h138g45_leaked_075,Rapidus,2HP family,2HP HD H138G45 leaked,review_required,low_confidence_geometry_used_for_density,review source basis/confidence before using in published comparison
DQ0060,fixed,intel_foundry_intel_18a_18a_hd_160ch_hd_library_033,Intel Foundry,Intel 18A family,18A HD,v0_4_2_fixed,Replaced 238 MTr/mm2 with 184.21 MTr/mm2 for H160G50 CGP/CH-comparable density; 238 retained only as conflict note.,Use calculated/184.21 value for CGP/CH simple compare.
DQ0061,fixed,tsmc_n2_n2_1st_gen_nanosheet_standard_cell_geometry_not_public_022,TSMC,N2 family,N2 official generic,v0_4_2_fixed,Removed 313 MTr/mm2 from generic compact comparison row; added separate N2 HD H130G48 leaked row at 236.17 MTr/mm2.,Use the H130G48 row for HxG comparison and treat 313 claim as alternate non-comparable/unclear-basis data.
